,2019-06-02,2019-06-09,2019-06-16,2019-06-23,2019-06-30,2019-07-07,2019-07-14,2019-07-21,2019-07-28,2019-08-04,2019-08-11,2019-08-18,2019-08-25,2019-09-01,2019-09-08,2019-09-15,2019-09-22,2019-09-29,2019-10-06,2019-10-13,2019-10-20,2019-10-27,2019-11-03,2019-11-10,2019-11-17,2019-11-24,2019-12-01,2019-12-08,2019-12-15,2019-12-22,2019-12-29,2020-01-05,2020-01-12,2020-01-19,2020-01-26,2020-02-02,2020-02-09,2020-02-16,2020-02-23,2020-03-01,2020-03-08,2020-03-15,2020-03-22,2020-03-29,2020-04-05,2020-04-12,2020-04-19
백예린,19.0,12.0,14.0,9.0,11.0,7.0,9.0,11.0,11.0,10.0,11.0,5.0,5.0,5.0,10.0,13.0,11.0,12.0,13.0,9.0,9.0,9.0,5.0,11.0,6.0,8.0,15.0,100.0,58.0,28.0,21.0,29.0,22.0,22.0,16.0,18.0,34.0,20.0,18.0,24.0,25.0,16.0,17.0,16.0,21.0,18.0,16.0
Alan Walker,87.0,65.0,95.0,67.0,67.0,44.0,92.0,80.0,56.0,70.0,83.0,52.0,66.0,35.0,100.0,85.0,63.0,85.0,28.0,77.0,77.0,78.0,84.0,48.0,76.0,54.0,54.0,27.0,64.0,75.0,20.0,56.0,44.0,61.0,58.0,50.0,49.0,64.0,33.0,43.0,38.0,32.0,42.0,32.0,26.0,67.0,40.0
Dua Lipa,14.0,28.0,29.0,14.0,29.0,48.0,30.0,26.0,31.0,10.0,20.0,19.0,19.0,0.0,25.0,9.0,28.0,28.0,9.0,9.0,18.0,28.0,64.0,45.0,27.0,57.0,53.0,35.0,29.0,13.0,40.0,24.0,41.0,35.0,50.0,61.0,36.0,27.0,46.0,43.0,50.0,59.0,100.0,93.0,74.0,74.0,55.0
릴러말즈,0.0,0.0,60.0,24.0,60.0,60.0,25.0,0.0,0.0,13.0,74.0,0.0,12.0,0.0,100.0,34.0,35.0,12.0,23.0,23.0,11.0,0.0,57.0,34.0,0.0,22.0,11.0,0.0,21.0,0.0,11.0,30.0,20.0,33.0,10.0,10.0,20.0,9.0,27.0,9.0,0.0,0.0,9.0,9.0,0.0,8.0,32.0
홍진영,83.0,100.0,66.0,70.0,57.0,68.0,55.0,56.0,60.0,54.0,65.0,70.0,58.0,43.0,67.0,48.0,44.0,40.0,38.0,28.0,44.0,50.0,35.0,49.0,42.0,37.0,35.0,33.0,40.0,57.0,92.0,42.0,50.0,70.0,58.0,47.0,48.0,57.0,54.0,56.0,59.0,46.0,47.0,74.0,62.0,93.0,65.0
모모랜드,35.0,34.0,29.0,47.0,35.0,44.0,34.0,35.0,22.0,37.0,27.0,23.0,44.0,56.0,21.0,14.0,23.0,31.0,34.0,22.0,31.0,17.0,17.0,33.0,52.0,100.0,44.0,48.0,31.0,46.0,81.0,96.0,50.0,51.0,23.0,20.0,12.0,32.0,17.0,30.0,19.0,15.0,15.0,11.0,31.0,23.0,20.0
박지훈,57.0,54.0,66.0,55.0,64.0,47.0,54.0,60.0,66.0,25.0,54.0,49.0,44.0,61.0,79.0,67.0,100.0,98.0,53.0,33.0,53.0,45.0,58.0,35.0,57.0,51.0,91.0,55.0,51.0,51.0,72.0,39.0,52.0,61.0,43.0,59.0,34.0,39.0,19.0,26.0,58.0,38.0,42.0,40.0,20.0,43.0,37.0
천단비,0.0,0.0,0.0,0.0,0.0,0.0,35.0,0.0,0.0,0.0,0.0,0.0,0.0,0.0,0.0,0.0,0.0,0.0,0.0,0.0,0.0,0.0,0.0,0.0,0.0,0.0,0.0,0.0,0.0,0.0,0.0,0.0,0.0,0.0,30.0,0.0,0.0,0.0,25.0,100.0,25.0,0.0,0.0,0.0,0.0,24.0,0.0
AURORA,30.0,65.0,48.0,42.0,30.0,30.0,63.0,46.0,20.0,83.0,37.0,60.0,55.0,29.0,50.0,46.0,64.0,23.0,64.0,57.0,81.0,46.0,34.0,79.0,67.0,89.0,62.0,77.0,100.0,89.0,89.0,61.0,72.0,55.0,26.0,76.0,65.0,52.0,58.0,27.0,35.0,26.0,30.0,69.0,51.0,30.0,81.0
Idina Menzel,0.0,0.0,13.0,0.0,0.0,0.0,0.0,0.0,0.0,0.0,0.0,0.0,0.0,0.0,0.0,12.0,12.0,0.0,0.0,0.0,0.0,0.0,0.0,12.0,30.0,100.0,53.0,58.0,17.0,24.0,23.0,27.0,11.0,12.0,17.0,11.0,11.0,10.0,14.0,0.0,0.0,18.0,0.0,14.0,18.0,0.0,9.0
NO:EL,68.0,0.0,0.0,35.0,35.0,34.0,0.0,37.0,0.0,36.0,35.0,34.0,0.0,66.0,0.0,0.0,33.0,67.0,100.0,33.0,0.0,0.0,0.0,97.0,0.0,95.0,96.0,31.0,30.0,32.0,64.0,29.0,29.0,31.0,30.0,0.0,57.0,0.0,26.0,0.0,50.0,25.0,0.0,0.0,48.0,49.0,69.0
Evan Rachel Wood,0.0,53.0,0.0,0.0,0.0,0.0,56.0,0.0,0.0,0.0,0.0,0.0,0.0,52.0,0.0,0.0,0.0,0.0,53.0,0.0,0.0,0.0,0.0,51.0,51.0,100.0,50.0,49.0,48.0,0.0,50.0,0.0,46.0,0.0,47.0,93.0,45.0,0.0,0.0,81.0,40.0,0.0,78.0,78.0,0.0,0.0,37.0
산들,59.0,67.0,51.0,78.0,35.0,60.0,45.0,56.0,47.0,73.0,70.0,17.0,78.0,49.0,54.0,33.0,17.0,42.0,100.0,57.0,41.0,33.0,49.0,49.0,48.0,63.0,16.0,39.0,23.0,48.0,40.0,36.0,73.0,87.0,38.0,80.0,50.0,74.0,58.0,44.0,44.0,12.0,19.0,93.0,36.0,43.0,69.0
Straight No Chaser,0.0,0.0,0.0,0.0,0.0,0.0,0.0,0.0,0.0,0.0,0.0,0.0,0.0,0.0,0.0,0.0,0.0,0.0,0.0,0.0,0.0,0.0,0.0,0.0,0.0,100.0,0.0,0.0,0.0,100.0,100.0,0.0,0.0,0.0,0.0,0.0,0.0,85.0,0.0,0.0,0.0,0.0,0.0,0.0,0.0,0.0,0.0
로시,26.0,45.0,33.0,26.0,13.0,7.0,21.0,29.0,100.0,35.0,13.0,26.0,0.0,0.0,14.0,19.0,25.0,26.0,13.0,13.0,44.0,25.0,6.0,12.0,43.0,42.0,12.0,0.0,29.0,24.0,12.0,11.0,39.0,0.0,6.0,0.0,5.0,0.0,5.0,24.0,14.0,33.0,19.0,14.0,14.0,47.0,9.0
pH-1,47.0,0.0,0.0,65.0,32.0,0.0,100.0,0.0,70.0,34.0,33.0,64.0,81.0,92.0,67.0,63.0,62.0,62.0,31.0,0.0,31.0,31.0,46.0,30.0,60.0,30.0,30.0,88.0,28.0,0.0,0.0,27.0,82.0,44.0,28.0,27.0,40.0,26.0,24.0,24.0,0.0,35.0,23.0,23.0,91.0,0.0,0.0
Jeremy Zucker,46.0,92.0,0.0,95.0,95.0,47.0,49.0,0.0,51.0,100.0,0.0,0.0,71.0,45.0,49.0,91.0,0.0,0.0,46.0,0.0,45.0,0.0,0.0,44.0,44.0,44.0,87.0,43.0,41.0,44.0,0.0,60.0,60.0,43.0,41.0,40.0,39.0,56.0,70.0,35.0,69.0,34.0,0.0,34.0,83.0,33.0,32.0
(여자)아이들,23.0,32.0,18.0,89.0,66.0,65.0,58.0,32.0,42.0,31.0,33.0,18.0,21.0,28.0,77.0,69.0,28.0,46.0,20.0,59.0,54.0,49.0,73.0,58.0,69.0,46.0,47.0,32.0,60.0,47.0,62.0,23.0,65.0,54.0,64.0,50.0,32.0,47.0,37.0,53.0,41.0,41.0,43.0,45.0,100.0,73.0,70.0
전상근,0.0,0.0,0.0,0.0,0.0,0.0,0.0,0.0,0.0,46.0,22.0,0.0,0.0,21.0,23.0,0.0,21.0,42.0,42.0,41.0,21.0,42.0,41.0,41.0,40.0,100.0,40.0,0.0,19.0,20.0,40.0,37.0,37.0,40.0,19.0,18.0,0.0,17.0,0.0,16.0,48.0,47.0,0.0,0.0,30.0,15.0,0.0
Colde,60.0,0.0,0.0,31.0,31.0,0.0,32.0,0.0,100.0,32.0,0.0,0.0,31.0,29.0,32.0,29.0,0.0,0.0,0.0,29.0,59.0,0.0,0.0,0.0,0.0,0.0,0.0,28.0,0.0,57.0,0.0,26.0,26.0,0.0,0.0,0.0,51.0,0.0,0.0,23.0,0.0,22.0,0.0,0.0,0.0,0.0,0.0
다이나믹 듀오,27.0,0.0,36.0,18.0,27.0,0.0,0.0,10.0,20.0,10.0,28.0,18.0,0.0,26.0,0.0,35.0,0.0,9.0,9.0,0.0,17.0,35.0,17.0,17.0,42.0,100.0,42.0,25.0,0.0,33.0,33.0,8.0,0.0,0.0,16.0,23.0,7.0,0.0,0.0,7.0,7.0,39.0,13.0,0.0,0.0,13.0,18.0
청하,43.0,63.0,50.0,100.0,78.0,54.0,45.0,57.0,46.0,53.0,41.0,38.0,40.0,35.0,40.0,30.0,33.0,35.0,35.0,34.0,29.0,30.0,32.0,24.0,18.0,25.0,24.0,19.0,23.0,48.0,36.0,35.0,36.0,31.0,32.0,23.0,28.0,30.0,29.0,44.0,27.0,20.0,14.0,21.0,23.0,14.0,23.0
김효은,29.0,29.0,39.0,30.0,100.0,20.0,41.0,21.0,0.0,32.0,31.0,40.0,20.0,57.0,52.0,19.0,47.0,19.0,38.0,19.0,28.0,19.0,38.0,37.0,37.0,18.0,28.0,72.0,35.0,18.0,45.0,33.0,34.0,18.0,34.0,17.0,49.0,31.0,15.0,15.0,15.0,0.0,0.0,43.0,21.0,28.0,13.0
마크툽,0.0,28.0,19.0,0.0,67.0,28.0,59.0,51.0,20.0,70.0,77.0,57.0,85.0,72.0,79.0,100.0,99.0,45.0,82.0,81.0,54.0,64.0,36.0,35.0,62.0,35.0,44.0,0.0,33.0,44.0,52.0,80.0,48.0,60.0,57.0,32.0,55.0,45.0,49.0,42.0,42.0,41.0,61.0,20.0,33.0,27.0,44.0
Kid Milli,45.0,91.0,45.0,46.0,46.0,46.0,47.0,50.0,100.0,49.0,47.0,45.0,46.0,0.0,48.0,0.0,0.0,44.0,44.0,43.0,0.0,0.0,0.0,43.0,43.0,42.0,85.0,0.0,40.0,42.0,0.0,0.0,0.0,42.0,40.0,39.0,38.0,0.0,0.0,0.0,0.0,0.0,0.0,66.0,0.0,0.0,0.0
김필,25.0,13.0,13.0,13.0,10.0,19.0,40.0,100.0,93.0,81.0,91.0,44.0,48.0,61.0,50.0,64.0,58.0,55.0,31.0,76.0,39.0,62.0,27.0,42.0,21.0,20.0,38.0,32.0,11.0,29.0,35.0,38.0,30.0,35.0,33.0,27.0,37.0,35.0,16.0,28.0,40.0,55.0,39.0,39.0,45.0,11.0,28.0
Disclosure,20.0,59.0,20.0,40.0,40.0,100.0,42.0,0.0,87.0,42.0,61.0,40.0,40.0,38.0,83.0,57.0,58.0,58.0,19.0,0.0,38.0,77.0,38.0,94.0,56.0,55.0,0.0,18.0,17.0,74.0,55.0,50.0,34.0,73.0,35.0,17.0,33.0,63.0,74.0,29.0,59.0,58.0,29.0,72.0,98.0,0.0,27.0
서인국,32.0,63.0,43.0,32.0,43.0,64.0,67.0,46.0,23.0,68.0,55.0,43.0,65.0,51.0,22.0,52.0,41.0,82.0,72.0,41.0,82.0,62.0,40.0,100.0,60.0,29.0,40.0,59.0,84.0,69.0,78.0,27.0,72.0,59.0,65.0,36.0,53.0,25.0,40.0,47.0,16.0,15.0,15.0,46.0,68.0,38.0,43.0
Kristen Bell,0.0,0.0,0.0,27.0,27.0,27.0,56.0,58.0,0.0,57.0,28.0,27.0,27.0,52.0,28.0,26.0,0.0,0.0,26.0,26.0,0.0,26.0,51.0,38.0,38.0,87.0,100.0,97.0,24.0,50.0,25.0,46.0,46.0,49.0,23.0,23.0,22.0,21.0,20.0,20.0,30.0,39.0,19.0,39.0,19.0,38.0,37.0
장덕철,30.0,15.0,0.0,0.0,0.0,31.0,32.0,0.0,0.0,0.0,16.0,0.0,0.0,0.0,0.0,30.0,15.0,0.0,45.0,29.0,15.0,15.0,29.0,44.0,0.0,100.0,29.0,28.0,41.0,14.0,14.0,78.0,13.0,14.0,0.0,0.0,39.0,12.0,0.0,23.0,34.0,0.0,11.0,22.0,22.0,33.0,42.0
권순일,0.0,97.0,0.0,100.0,0.0,0.0,0.0,0.0,0.0,0.0,0.0,0.0,0.0,0.0,0.0,0.0,0.0,0.0,0.0,95.0,0.0,0.0,0.0,0.0,0.0,0.0,0.0,91.0,0.0,0.0,0.0,84.0,85.0,0.0,0.0,0.0,0.0,0.0,0.0,0.0,0.0,0.0,0.0,72.0,70.0,0.0,0.0
펀치,53.0,41.0,35.0,26.0,37.0,19.0,42.0,75.0,54.0,100.0,80.0,75.0,73.0,66.0,50.0,78.0,71.0,50.0,57.0,41.0,69.0,60.0,53.0,69.0,57.0,40.0,54.0,38.0,47.0,60.0,43.0,58.0,37.0,41.0,66.0,50.0,68.0,68.0,55.0,52.0,52.0,54.0,53.0,41.0,53.0,49.0,42.0
Farruko,0.0,0.0,0.0,100.0,0.0,0.0,0.0,0.0,0.0,0.0,0.0,100.0,0.0,0.0,0.0,0.0,0.0,0.0,0.0,0.0,0.0,0.0,0.0,0.0,0.0,0.0,93.0,91.0,87.0,0.0,0.0,0.0,0.0,0.0,0.0,0.0,0.0,0.0,74.0,0.0,0.0,0.0,0.0,72.0,70.0,0.0,67.0
Will Smith,69.0,98.0,99.0,65.0,83.0,100.0,73.0,25.0,64.0,25.0,48.0,35.0,41.0,11.0,43.0,35.0,23.0,56.0,57.0,44.0,22.0,45.0,11.0,22.0,44.0,27.0,11.0,37.0,26.0,16.0,32.0,35.0,35.0,43.0,41.0,40.0,24.0,23.0,22.0,17.0,26.0,17.0,21.0,21.0,25.0,33.0,24.0
CHANGMO,0.0,39.0,39.0,79.0,0.0,0.0,41.0,0.0,0.0,0.0,41.0,40.0,0.0,37.0,0.0,0.0,0.0,38.0,38.0,0.0,37.0,0.0,0.0,37.0,55.0,54.0,37.0,35.0,35.0,73.0,72.0,100.0,67.0,72.0,34.0,67.0,33.0,31.0,87.0,29.0,44.0,57.0,28.0,28.0,55.0,0.0,27.0
이용신,7.0,3.0,9.0,8.0,6.0,6.0,8.0,8.0,3.0,10.0,5.0,3.0,8.0,3.0,3.0,6.0,6.0,31.0,13.0,9.0,7.0,10.0,9.0,6.0,6.0,8.0,84.0,100.0,58.0,22.0,11.0,8.0,3.0,3.0,5.0,9.0,4.0,4.0,8.0,2.0,7.0,2.0,9.0,7.0,6.0,6.0,2.0
브라운 아이드 소울,19.0,13.0,13.0,13.0,13.0,26.0,13.0,0.0,43.0,21.0,33.0,13.0,13.0,37.0,14.0,62.0,50.0,100.0,69.0,56.0,37.0,38.0,37.0,0.0,24.0,18.0,36.0,12.0,17.0,12.0,12.0,11.0,11.0,0.0,11.0,16.0,32.0,10.0,0.0,0.0,0.0,0.0,9.0,14.0,14.0,36.0,9.0
헤이즈,26.0,41.0,24.0,37.0,47.0,73.0,40.0,47.0,90.0,78.0,60.0,46.0,46.0,26.0,71.0,66.0,65.0,54.0,59.0,98.0,100.0,52.0,41.0,55.0,59.0,58.0,83.0,84.0,62.0,56.0,65.0,37.0,64.0,58.0,66.0,62.0,54.0,54.0,63.0,50.0,41.0,32.0,38.0,60.0,34.0,38.0,38.0
MC몽,7.0,6.0,5.0,6.0,5.0,10.0,9.0,5.0,8.0,2.0,6.0,2.0,4.0,4.0,17.0,13.0,8.0,6.0,5.0,2.0,47.0,100.0,34.0,26.0,12.0,14.0,18.0,9.0,9.0,16.0,16.0,10.0,5.0,11.0,2.0,6.0,7.0,9.0,4.0,4.0,4.0,6.0,8.0,4.0,2.0,4.0,4.0
백지영,24.0,37.0,27.0,63.0,50.0,30.0,27.0,33.0,25.0,26.0,33.0,23.0,33.0,37.0,48.0,24.0,23.0,100.0,75.0,52.0,45.0,38.0,31.0,23.0,32.0,30.0,31.0,26.0,27.0,35.0,35.0,21.0,25.0,29.0,39.0,26.0,42.0,15.0,21.0,32.0,29.0,26.0,19.0,20.0,21.0,18.0,23.0
윤딴딴,18.0,36.0,18.0,37.0,19.0,28.0,19.0,40.0,0.0,39.0,57.0,46.0,28.0,35.0,57.0,36.0,35.0,44.0,53.0,35.0,18.0,27.0,35.0,43.0,0.0,0.0,17.0,17.0,24.0,34.0,34.0,16.0,16.0,34.0,16.0,23.0,30.0,0.0,34.0,14.0,14.0,33.0,20.0,20.0,19.0,26.0,100.0
비와이,8.0,80.0,30.0,18.0,34.0,48.0,31.0,75.0,100.0,70.0,57.0,66.0,74.0,53.0,52.0,58.0,42.0,27.0,35.0,40.0,36.0,35.0,23.0,26.0,28.0,16.0,24.0,16.0,21.0,28.0,13.0,17.0,30.0,25.0,26.0,24.0,23.0,16.0,35.0,29.0,26.0,20.0,36.0,19.0,20.0,22.0,23.0
X1,11.0,15.0,13.0,6.0,11.0,11.0,29.0,44.0,27.0,27.0,26.0,46.0,100.0,48.0,37.0,41.0,28.0,39.0,22.0,33.0,24.0,19.0,24.0,24.0,27.0,21.0,25.0,14.0,16.0,12.0,21.0,26.0,19.0,18.0,15.0,13.0,15.0,14.0,14.0,13.0,12.0,12.0,9.0,11.0,10.0,14.0,14.0
디오,72.0,64.0,71.0,84.0,98.0,84.0,76.0,67.0,76.0,99.0,94.0,79.0,86.0,70.0,60.0,69.0,61.0,99.0,67.0,63.0,59.0,100.0,88.0,61.0,63.0,78.0,75.0,63.0,66.0,86.0,96.0,79.0,79.0,80.0,72.0,59.0,51.0,82.0,62.0,72.0,63.0,63.0,61.0,66.0,84.0,57.0,80.0
iKON,17.0,100.0,25.0,34.0,26.0,9.0,44.0,28.0,56.0,18.0,9.0,17.0,9.0,16.0,9.0,33.0,0.0,33.0,17.0,0.0,8.0,8.0,57.0,24.0,24.0,31.0,0.0,8.0,7.0,24.0,16.0,14.0,7.0,23.0,37.0,72.0,28.0,20.0,32.0,31.0,6.0,6.0,0.0,25.0,18.0,12.0,11.0
송민호,33.0,100.0,51.0,63.0,40.0,46.0,53.0,31.0,68.0,66.0,17.0,45.0,23.0,38.0,18.0,33.0,16.0,33.0,11.0,11.0,22.0,44.0,32.0,48.0,42.0,21.0,63.0,47.0,35.0,52.0,52.0,43.0,53.0,57.0,25.0,38.0,33.0,45.0,47.0,29.0,25.0,41.0,49.0,70.0,80.0,56.0,50.0
규현,27.0,76.0,40.0,41.0,34.0,51.0,49.0,66.0,44.0,29.0,42.0,34.0,27.0,35.0,35.0,59.0,29.0,55.0,33.0,52.0,42.0,85.0,38.0,25.0,28.0,50.0,28.0,52.0,32.0,100.0,49.0,40.0,37.0,46.0,50.0,23.0,42.0,27.0,28.0,25.0,32.0,32.0,10.0,29.0,26.0,40.0,32.0
화사,3.0,4.0,6.0,6.0,8.0,100.0,24.0,17.0,8.0,4.0,4.0,5.0,17.0,6.0,4.0,4.0,7.0,6.0,3.0,3.0,6.0,5.0,2.0,11.0,6.0,5.0,6.0,3.0,4.0,4.0,7.0,10.0,8.0,5.0,6.0,5.0,6.0,5.0,3.0,6.0,8.0,4.0,5.0,4.0,4.0,4.0,5.0
지아,78.0,90.0,56.0,67.0,80.0,59.0,61.0,66.0,95.0,71.0,76.0,56.0,82.0,51.0,77.0,59.0,56.0,79.0,67.0,73.0,61.0,67.0,77.0,62.0,55.0,59.0,73.0,63.0,65.0,78.0,75.0,69.0,58.0,77.0,78.0,82.0,63.0,67.0,70.0,100.0,83.0,75.0,62.0,97.0,74.0,57.0,86.0
박효신,51.0,51.0,42.0,92.0,100.0,87.0,72.0,46.0,59.0,44.0,51.0,27.0,30.0,50.0,23.0,33.0,43.0,31.0,29.0,31.0,26.0,31.0,33.0,23.0,28.0,43.0,41.0,56.0,30.0,41.0,21.0,29.0,19.0,45.0,39.0,36.0,49.0,25.0,24.0,27.0,33.0,45.0,32.0,36.0,24.0,38.0,38.0
거미,32.0,43.0,40.0,42.0,57.0,71.0,73.0,58.0,67.0,58.0,83.0,53.0,93.0,50.0,100.0,56.0,56.0,63.0,53.0,43.0,53.0,50.0,43.0,40.0,39.0,28.0,41.0,21.0,27.0,45.0,57.0,60.0,43.0,34.0,37.0,37.0,33.0,36.0,47.0,39.0,28.0,40.0,47.0,44.0,48.0,48.0,57.0
Lukas Graham,20.0,20.0,0.0,0.0,0.0,21.0,21.0,0.0,22.0,0.0,42.0,21.0,0.0,0.0,0.0,0.0,20.0,100.0,40.0,0.0,20.0,20.0,0.0,19.0,19.0,19.0,0.0,19.0,18.0,0.0,57.0,17.0,17.0,0.0,0.0,17.0,17.0,0.0,0.0,0.0,0.0,30.0,15.0,30.0,0.0,0.0,0.0
Pink Sweat$,0.0,0.0,45.0,0.0,0.0,0.0,0.0,0.0,0.0,48.0,0.0,0.0,0.0,0.0,48.0,0.0,0.0,0.0,0.0,0.0,44.0,0.0,43.0,0.0,0.0,42.0,42.0,42.0,0.0,0.0,0.0,38.0,0.0,42.0,0.0,38.0,0.0,0.0,0.0,0.0,100.0,0.0,0.0,33.0,0.0,97.0,0.0
Camila Cabello,5.0,11.0,39.0,45.0,34.0,100.0,35.0,36.0,54.0,59.0,17.0,39.0,28.0,37.0,35.0,21.0,32.0,22.0,27.0,11.0,16.0,32.0,26.0,10.0,31.0,26.0,5.0,30.0,73.0,41.0,20.0,23.0,9.0,15.0,48.0,33.0,28.0,13.0,17.0,4.0,16.0,20.0,12.0,0.0,23.0,8.0,11.0
Martin Garrix,38.0,30.0,15.0,15.0,15.0,15.0,16.0,100.0,34.0,33.0,32.0,15.0,23.0,15.0,0.0,0.0,15.0,30.0,15.0,29.0,15.0,15.0,29.0,14.0,0.0,14.0,21.0,14.0,0.0,14.0,42.0,13.0,13.0,28.0,13.0,0.0,13.0,0.0,11.0,17.0,23.0,11.0,0.0,22.0,11.0,0.0,10.0
Hash Swan,0.0,0.0,0.0,0.0,0.0,0.0,0.0,0.0,0.0,0.0,0.0,0.0,0.0,67.0,0.0,100.0,0.0,34.0,0.0,0.0,0.0,0.0,0.0,0.0,0.0,0.0,0.0,32.0,0.0,32.0,0.0,0.0,0.0,32.0,0.0,30.0,0.0,0.0,26.0,0.0,0.0,0.0,0.0,0.0,0.0,0.0,0.0
김나영,32.0,35.0,57.0,40.0,48.0,33.0,23.0,35.0,71.0,45.0,26.0,43.0,48.0,31.0,26.0,24.0,38.0,31.0,19.0,19.0,34.0,56.0,29.0,68.0,49.0,69.0,100.0,41.0,35.0,23.0,28.0,25.0,26.0,46.0,31.0,30.0,42.0,24.0,26.0,22.0,37.0,27.0,29.0,25.0,41.0,26.0,32.0
John Legend,29.0,58.0,0.0,30.0,0.0,44.0,31.0,32.0,32.0,0.0,30.0,89.0,89.0,28.0,46.0,28.0,28.0,43.0,57.0,56.0,28.0,29.0,0.0,28.0,83.0,68.0,54.0,80.0,39.0,96.0,54.0,25.0,50.0,27.0,26.0,0.0,98.0,46.0,22.0,44.0,22.0,64.0,42.0,42.0,21.0,41.0,100.0
한요한,37.0,49.0,25.0,25.0,57.0,38.0,79.0,41.0,55.0,47.0,78.0,25.0,38.0,18.0,40.0,61.0,42.0,49.0,0.0,18.0,36.0,18.0,18.0,0.0,47.0,29.0,41.0,17.0,33.0,12.0,29.0,32.0,27.0,17.0,28.0,54.0,47.0,15.0,19.0,42.0,42.0,32.0,36.0,100.0,67.0,58.0,47.0
Jonathan Groff,0.0,0.0,0.0,44.0,44.0,0.0,0.0,0.0,0.0,0.0,45.0,0.0,87.0,41.0,0.0,0.0,0.0,0.0,42.0,62.0,41.0,42.0,62.0,0.0,82.0,100.0,81.0,78.0,95.0,60.0,40.0,0.0,0.0,60.0,38.0,37.0,0.0,0.0,0.0,0.0,0.0,31.0,62.0,0.0,46.0,31.0,0.0
바이브,26.0,21.0,28.0,34.0,28.0,35.0,19.0,20.0,28.0,27.0,30.0,35.0,35.0,22.0,21.0,36.0,26.0,33.0,34.0,30.0,27.0,26.0,31.0,39.0,39.0,100.0,62.0,38.0,29.0,48.0,46.0,67.0,38.0,37.0,43.0,34.0,26.0,42.0,36.0,33.0,32.0,40.0,39.0,33.0,43.0,40.0,49.0
ITZY,2.0,6.0,8.0,6.0,9.0,18.0,27.0,45.0,100.0,49.0,27.0,19.0,17.0,13.0,20.0,14.0,9.0,7.0,5.0,14.0,10.0,3.0,13.0,7.0,6.0,13.0,9.0,9.0,7.0,13.0,7.0,5.0,7.0,9.0,11.0,16.0,7.0,8.0,11.0,12.0,16.0,17.0,15.0,18.0,6.0,14.0,11.0
김재환,29.0,37.0,45.0,60.0,53.0,45.0,39.0,49.0,41.0,24.0,100.0,15.0,76.0,50.0,24.0,36.0,51.0,88.0,44.0,57.0,22.0,58.0,50.0,64.0,42.0,76.0,91.0,89.0,46.0,97.0,83.0,44.0,45.0,82.0,85.0,64.0,93.0,41.0,39.0,28.0,50.0,16.0,32.0,16.0,26.0,43.0,56.0
적재,36.0,41.0,78.0,37.0,26.0,42.0,38.0,23.0,17.0,22.0,54.0,37.0,84.0,100.0,88.0,86.0,70.0,81.0,71.0,40.0,55.0,35.0,54.0,59.0,79.0,48.0,58.0,71.0,55.0,24.0,29.0,44.0,58.0,48.0,27.0,53.0,52.0,41.0,47.0,39.0,46.0,53.0,38.0,45.0,44.0,55.0,46.0
성시경,36.0,46.0,31.0,52.0,11.0,21.0,43.0,34.0,68.0,72.0,53.0,31.0,42.0,45.0,54.0,45.0,75.0,71.0,50.0,35.0,40.0,55.0,74.0,34.0,44.0,62.0,78.0,100.0,91.0,72.0,43.0,48.0,35.0,48.0,55.0,18.0,22.0,41.0,31.0,31.0,38.0,41.0,52.0,37.0,55.0,85.0,32.0
Jvcki Wai,51.0,0.0,0.0,0.0,0.0,0.0,0.0,0.0,56.0,0.0,0.0,0.0,0.0,99.0,0.0,0.0,0.0,100.0,100.0,0.0,0.0,50.0,0.0,97.0,48.0,47.0,0.0,47.0,0.0,0.0,47.0,0.0,0.0,0.0,45.0,0.0,43.0,81.0,0.0,0.0,0.0,0.0,0.0,37.0,0.0,0.0,35.0
멜로망스,30.0,10.0,10.0,41.0,41.0,72.0,53.0,100.0,11.0,65.0,31.0,0.0,41.0,59.0,43.0,39.0,29.0,20.0,49.0,19.0,20.0,20.0,48.0,67.0,38.0,47.0,29.0,19.0,89.0,38.0,38.0,26.0,17.0,19.0,9.0,17.0,17.0,8.0,23.0,8.0,30.0,37.0,0.0,22.0,29.0,36.0,7.0
AB6IX,99.0,99.0,42.0,67.0,76.0,42.0,52.0,63.0,73.0,53.0,26.0,25.0,25.0,56.0,35.0,24.0,56.0,16.0,73.0,96.0,80.0,16.0,71.0,71.0,39.0,100.0,39.0,30.0,37.0,39.0,46.0,43.0,14.0,15.0,29.0,28.0,28.0,13.0,19.0,0.0,49.0,24.0,12.0,12.0,12.0,12.0,0.0
Social House,0.0,0.0,30.0,0.0,0.0,31.0,0.0,0.0,100.0,0.0,47.0,30.0,0.0,0.0,32.0,0.0,0.0,0.0,30.0,0.0,29.0,0.0,0.0,0.0,0.0,28.0,28.0,28.0,53.0,0.0,0.0,0.0,0.0,56.0,27.0,0.0,0.0,0.0,0.0,45.0,22.0,22.0,0.0,22.0,0.0,22.0,21.0
Ruel,19.0,28.0,19.0,19.0,19.0,0.0,20.0,0.0,21.0,0.0,98.0,19.0,58.0,37.0,0.0,56.0,28.0,28.0,37.0,19.0,0.0,0.0,64.0,18.0,36.0,35.0,53.0,61.0,42.0,45.0,53.0,81.0,41.0,26.0,100.0,49.0,72.0,68.0,36.0,78.0,28.0,49.0,48.0,28.0,41.0,20.0,52.0
Young B,0.0,0.0,0.0,49.0,49.0,0.0,51.0,0.0,0.0,0.0,100.0,0.0,0.0,0.0,0.0,0.0,0.0,47.0,47.0,0.0,0.0,0.0,0.0,0.0,0.0,0.0,0.0,0.0,43.0,0.0,0.0,41.0,0.0,0.0,42.0,0.0,0.0,0.0,36.0,0.0,73.0,35.0,35.0,35.0,0.0,0.0,0.0
MINO,20.0,0.0,20.0,20.0,41.0,20.0,21.0,44.0,0.0,21.0,41.0,40.0,0.0,19.0,0.0,0.0,19.0,78.0,98.0,19.0,77.0,78.0,96.0,19.0,38.0,19.0,56.0,37.0,35.0,37.0,0.0,17.0,17.0,55.0,35.0,17.0,33.0,0.0,45.0,45.0,44.0,44.0,29.0,15.0,28.0,100.0,54.0
Sabrina Carpenter,47.0,0.0,0.0,48.0,48.0,48.0,0.0,52.0,0.0,0.0,0.0,0.0,0.0,46.0,100.0,46.0,0.0,0.0,0.0,0.0,46.0,46.0,0.0,0.0,0.0,0.0,0.0,0.0,42.0,0.0,0.0,0.0,0.0,0.0,0.0,0.0,0.0,0.0,0.0,0.0,70.0,0.0,0.0,69.0,0.0,0.0,32.0
Halsey,78.0,52.0,52.0,79.0,26.0,79.0,14.0,14.0,72.0,70.0,54.0,53.0,13.0,50.0,55.0,51.0,13.0,63.0,13.0,50.0,25.0,26.0,37.0,25.0,49.0,24.0,97.0,35.0,58.0,85.0,24.0,22.0,100.0,96.0,57.0,56.0,54.0,31.0,10.0,29.0,39.0,9.0,57.0,47.0,37.0,27.0,27.0
다비치,75.0,80.0,46.0,46.0,57.0,46.0,64.0,100.0,55.0,76.0,84.0,36.0,72.0,69.0,85.0,49.0,59.0,35.0,79.0,49.0,59.0,79.0,48.0,43.0,48.0,42.0,33.0,61.0,76.0,66.0,71.0,47.0,35.0,51.0,62.0,86.0,42.0,44.0,38.0,30.0,34.0,52.0,51.0,59.0,21.0,43.0,69.0
로코베리,0.0,0.0,57.0,0.0,0.0,0.0,0.0,62.0,0.0,61.0,0.0,0.0,0.0,0.0,0.0,0.0,0.0,56.0,0.0,55.0,0.0,0.0,54.0,0.0,0.0,0.0,0.0,0.0,100.0,0.0,0.0,48.0,0.0,52.0,0.0,0.0,0.0,45.0,0.0,0.0,0.0,0.0,0.0,41.0,40.0,0.0,0.0
Selena Gomez,29.0,29.0,29.0,10.0,59.0,20.0,41.0,53.0,32.0,31.0,50.0,19.0,10.0,28.0,0.0,46.0,37.0,9.0,38.0,19.0,65.0,19.0,46.0,37.0,100.0,90.0,18.0,27.0,17.0,18.0,81.0,57.0,58.0,53.0,77.0,25.0,24.0,23.0,58.0,43.0,50.0,56.0,28.0,14.0,27.0,69.0,26.0
김길중,65.0,64.0,33.0,100.0,33.0,83.0,51.0,72.0,36.0,71.0,85.0,66.0,33.0,79.0,34.0,31.0,0.0,0.0,0.0,32.0,31.0,0.0,94.0,31.0,61.0,61.0,31.0,60.0,58.0,92.0,60.0,0.0,0.0,45.0,29.0,28.0,55.0,0.0,25.0,24.0,74.0,48.0,0.0,47.0,0.0,23.0,33.0
숀,42.0,66.0,49.0,43.0,68.0,80.0,64.0,33.0,100.0,71.0,50.0,92.0,43.0,71.0,77.0,65.0,41.0,42.0,24.0,23.0,53.0,41.0,35.0,64.0,23.0,51.0,40.0,6.0,48.0,28.0,68.0,21.0,16.0,28.0,38.0,16.0,36.0,53.0,41.0,54.0,41.0,18.0,44.0,31.0,30.0,56.0,25.0
정준일,0.0,0.0,8.0,3.0,8.0,3.0,0.0,12.0,6.0,3.0,8.0,0.0,3.0,0.0,3.0,5.0,5.0,5.0,8.0,8.0,5.0,18.0,5.0,10.0,15.0,2.0,8.0,5.0,5.0,10.0,12.0,16.0,5.0,15.0,2.0,2.0,2.0,6.0,2.0,6.0,4.0,6.0,2.0,16.0,6.0,100.0,44.0
Marshmello,100.0,86.0,72.0,58.0,51.0,15.0,30.0,16.0,63.0,31.0,15.0,43.0,15.0,14.0,46.0,21.0,14.0,42.0,63.0,42.0,28.0,14.0,55.0,55.0,14.0,40.0,54.0,26.0,25.0,34.0,27.0,25.0,61.0,13.0,19.0,12.0,12.0,17.0,32.0,21.0,11.0,26.0,21.0,10.0,26.0,20.0,20.0
SUGA,64.0,0.0,48.0,32.0,49.0,49.0,25.0,18.0,26.0,43.0,100.0,32.0,57.0,31.0,34.0,39.0,39.0,16.0,47.0,16.0,23.0,31.0,46.0,23.0,30.0,30.0,30.0,29.0,57.0,30.0,15.0,55.0,41.0,81.0,56.0,41.0,20.0,13.0,30.0,54.0,48.0,46.0,23.0,12.0,34.0,17.0,16.0
정효빈,0.0,34.0,34.0,35.0,0.0,0.0,0.0,0.0,0.0,0.0,0.0,0.0,0.0,33.0,36.0,99.0,100.0,0.0,0.0,66.0,0.0,0.0,0.0,0.0,0.0,0.0,0.0,0.0,0.0,0.0,0.0,29.0,59.0,0.0,0.0,0.0,0.0,0.0,26.0,26.0,0.0,0.0,25.0,25.0,0.0,0.0,0.0
Ariana Grande,41.0,38.0,41.0,61.0,55.0,45.0,56.0,42.0,73.0,78.0,72.0,48.0,29.0,79.0,43.0,34.0,43.0,65.0,22.0,43.0,49.0,34.0,42.0,39.0,48.0,44.0,50.0,55.0,39.0,56.0,38.0,43.0,35.0,47.0,100.0,51.0,42.0,45.0,38.0,33.0,42.0,30.0,44.0,37.0,36.0,34.0,37.0
루피,68.0,65.0,78.0,69.0,69.0,79.0,84.0,90.0,94.0,99.0,81.0,71.0,62.0,66.0,100.0,64.0,82.0,87.0,64.0,85.0,73.0,64.0,63.0,87.0,64.0,77.0,86.0,65.0,69.0,84.0,54.0,58.0,73.0,87.0,96.0,75.0,71.0,66.0,78.0,85.0,80.0,62.0,93.0,90.0,95.0,88.0,96.0
방탄소년단,100.0,77.0,67.0,65.0,71.0,55.0,69.0,69.0,60.0,71.0,74.0,58.0,59.0,56.0,55.0,57.0,57.0,54.0,55.0,48.0,58.0,55.0,51.0,50.0,45.0,44.0,62.0,64.0,54.0,69.0,66.0,73.0,64.0,65.0,69.0,58.0,54.0,73.0,83.0,62.0,63.0,53.0,57.0,60.0,49.0,44.0,44.0
FANXY CHILD,0.0,0.0,0.0,0.0,0.0,0.0,0.0,34.0,34.0,100.0,32.0,0.0,0.0,89.0,65.0,0.0,0.0,61.0,30.0,30.0,0.0,30.0,0.0,29.0,0.0,0.0,0.0,0.0,27.0,0.0,0.0,0.0,0.0,0.0,0.0,0.0,0.0,0.0,0.0,0.0,23.0,0.0,0.0,0.0,0.0,0.0,0.0
전소미,32.0,100.0,67.0,65.0,82.0,43.0,55.0,41.0,32.0,26.0,23.0,17.0,22.0,18.0,19.0,11.0,16.0,20.0,27.0,16.0,27.0,17.0,12.0,18.0,24.0,11.0,13.0,35.0,39.0,29.0,33.0,37.0,30.0,36.0,29.0,18.0,24.0,21.0,20.0,18.0,23.0,12.0,22.0,78.0,17.0,21.0,23.0
Troye Sivan,21.0,62.0,21.0,63.0,43.0,21.0,66.0,0.0,23.0,45.0,22.0,0.0,21.0,61.0,44.0,0.0,0.0,20.0,41.0,0.0,0.0,20.0,100.0,59.0,59.0,19.0,39.0,58.0,0.0,19.0,19.0,18.0,36.0,39.0,18.0,18.0,52.0,0.0,63.0,31.0,31.0,30.0,0.0,45.0,74.0,30.0,28.0
AOA,32.0,40.0,20.0,21.0,20.0,23.0,19.0,20.0,22.0,41.0,26.0,20.0,28.0,63.0,100.0,71.0,48.0,31.0,40.0,40.0,31.0,34.0,32.0,34.0,48.0,76.0,38.0,40.0,36.0,70.0,58.0,41.0,34.0,28.0,23.0,30.0,19.0,19.0,17.0,24.0,18.0,22.0,16.0,16.0,18.0,14.0,25.0
Coldplay,56.0,56.0,51.0,40.0,58.0,34.0,42.0,37.0,31.0,24.0,18.0,52.0,46.0,38.0,24.0,44.0,38.0,33.0,39.0,0.0,66.0,66.0,32.0,54.0,86.0,100.0,58.0,47.0,55.0,21.0,42.0,19.0,34.0,37.0,10.0,39.0,43.0,27.0,34.0,59.0,30.0,21.0,21.0,41.0,24.0,44.0,15.0
핑클,0.0,6.0,3.0,6.0,12.0,9.0,100.0,69.0,60.0,46.0,56.0,35.0,32.0,44.0,85.0,30.0,75.0,39.0,28.0,22.0,8.0,8.0,8.0,8.0,8.0,5.0,19.0,8.0,13.0,5.0,11.0,5.0,10.0,16.0,8.0,7.0,5.0,2.0,13.0,15.0,17.0,10.0,6.0,2.0,0.0,6.0,8.0
Josh Gad,0.0,0.0,0.0,0.0,0.0,0.0,0.0,0.0,0.0,0.0,0.0,0.0,0.0,0.0,73.0,0.0,0.0,0.0,0.0,0.0,66.0,0.0,0.0,0.0,0.0,0.0,64.0,94.0,61.0,63.0,63.0,58.0,58.0,0.0,0.0,0.0,0.0,55.0,0.0,51.0,0.0,0.0,100.0,0.0,0.0,49.0,46.0
Jonas Brothers,100.0,28.0,29.0,15.0,15.0,0.0,0.0,16.0,16.0,31.0,0.0,0.0,29.0,0.0,15.0,0.0,14.0,14.0,14.0,0.0,0.0,14.0,0.0,14.0,27.0,13.0,0.0,27.0,25.0,27.0,13.0,25.0,37.0,13.0,13.0,0.0,24.0,11.0,0.0,0.0,21.0,0.0,0.0,21.0,0.0,0.0,10.0
카더가든,28.0,97.0,14.0,100.0,43.0,43.0,45.0,31.0,31.0,0.0,44.0,28.0,29.0,0.0,30.0,41.0,41.0,28.0,55.0,54.0,82.0,82.0,54.0,54.0,13.0,52.0,53.0,0.0,25.0,26.0,26.0,12.0,12.0,0.0,0.0,0.0,24.0,11.0,11.0,0.0,31.0,10.0,20.0,41.0,20.0,30.0,19.0
우주소녀,88.0,100.0,86.0,77.0,61.0,42.0,27.0,69.0,59.0,34.0,33.0,29.0,19.0,37.0,47.0,34.0,43.0,28.0,34.0,30.0,37.0,22.0,24.0,27.0,42.0,47.0,45.0,61.0,33.0,59.0,44.0,46.0,22.0,38.0,36.0,38.0,34.0,38.0,33.0,24.0,30.0,35.0,23.0,18.0,38.0,16.0,45.0
WOOGIE,0.0,49.0,0.0,0.0,100.0,0.0,51.0,54.0,0.0,0.0,51.0,49.0,0.0,47.0,0.0,0.0,0.0,0.0,96.0,0.0,0.0,48.0,0.0,0.0,92.0,46.0,0.0,0.0,0.0,0.0,46.0,0.0,42.0,0.0,0.0,0.0,41.0,0.0,0.0,0.0,0.0,36.0,0.0,36.0,35.0,0.0,0.0
김승민,16.0,16.0,16.0,32.0,32.0,0.0,100.0,69.0,17.0,68.0,16.0,0.0,64.0,46.0,84.0,31.0,15.0,0.0,15.0,15.0,0.0,0.0,0.0,30.0,30.0,15.0,0.0,15.0,14.0,0.0,0.0,13.0,14.0,15.0,0.0,14.0,13.0,0.0,0.0,12.0,0.0,0.0,69.0,23.0,45.0,11.0,21.0
갓츄,0.0,0.0,0.0,0.0,92.0,91.0,0.0,99.0,100.0,0.0,0.0,0.0,92.0,0.0,0.0,0.0,0.0,0.0,0.0,0.0,0.0,0.0,0.0,0.0,0.0,0.0,0.0,0.0,0.0,0.0,0.0,0.0,77.0,0.0,0.0,78.0,76.0,0.0,0.0,0.0,0.0,0.0,0.0,0.0,0.0,0.0,62.0
볼빨간사춘기,22.0,35.0,35.0,15.0,28.0,26.0,12.0,27.0,25.0,25.0,35.0,19.0,16.0,28.0,55.0,64.0,45.0,38.0,33.0,20.0,28.0,20.0,14.0,18.0,11.0,19.0,18.0,13.0,20.0,16.0,20.0,32.0,20.0,15.0,17.0,10.0,11.0,12.0,14.0,23.0,17.0,15.0,15.0,100.0,46.0,29.0,34.0
아이유,47.0,44.0,51.0,49.0,51.0,53.0,82.0,83.0,92.0,82.0,84.0,91.0,76.0,80.0,68.0,54.0,54.0,52.0,66.0,77.0,55.0,73.0,87.0,69.0,94.0,100.0,71.0,72.0,59.0,73.0,79.0,70.0,75.0,71.0,64.0,69.0,62.0,68.0,70.0,71.0,67.0,72.0,60.0,61.0,62.0,70.0,64.0
The Chainsmokers,70.0,47.0,47.0,47.0,48.0,0.0,49.0,51.0,52.0,100.0,98.0,95.0,48.0,91.0,50.0,0.0,45.0,46.0,46.0,0.0,0.0,69.0,45.0,0.0,0.0,44.0,44.0,86.0,42.0,0.0,87.0,40.0,40.0,0.0,0.0,0.0,0.0,74.0,0.0,35.0,69.0,34.0,0.0,68.0,50.0,50.0,32.0
치타,25.0,60.0,36.0,31.0,36.0,67.0,27.0,61.0,61.0,54.0,47.0,36.0,46.0,54.0,70.0,39.0,54.0,35.0,45.0,29.0,39.0,25.0,39.0,48.0,38.0,76.0,100.0,56.0,58.0,47.0,28.0,26.0,35.0,23.0,31.0,39.0,55.0,56.0,42.0,49.0,22.0,37.0,33.0,33.0,50.0,43.0,31.0
Post Malone,37.0,29.0,22.0,30.0,38.0,37.0,16.0,41.0,24.0,47.0,31.0,37.0,38.0,100.0,86.0,78.0,50.0,36.0,36.0,50.0,36.0,50.0,35.0,14.0,28.0,82.0,62.0,41.0,33.0,48.0,83.0,63.0,44.0,48.0,26.0,19.0,19.0,29.0,33.0,66.0,11.0,22.0,32.0,32.0,26.0,21.0,20.0
한동근,49.0,25.0,25.0,25.0,25.0,25.0,26.0,27.0,41.0,26.0,64.0,25.0,100.0,24.0,39.0,36.0,71.0,24.0,72.0,0.0,47.0,96.0,35.0,23.0,23.0,23.0,23.0,68.0,65.0,46.0,68.0,42.0,21.0,23.0,43.0,32.0,41.0,78.0,37.0,37.0,55.0,45.0,18.0,54.0,44.0,26.0,59.0
이해리,73.0,32.0,33.0,49.0,100.0,50.0,26.0,81.0,63.0,61.0,59.0,25.0,25.0,47.0,78.0,56.0,79.0,0.0,32.0,63.0,55.0,32.0,62.0,31.0,46.0,30.0,53.0,37.0,29.0,38.0,30.0,28.0,42.0,53.0,86.0,84.0,48.0,39.0,80.0,49.0,61.0,47.0,30.0,53.0,41.0,64.0,44.0
팔로알토,0.0,8.0,9.0,0.0,26.0,0.0,9.0,0.0,37.0,36.0,26.0,9.0,17.0,16.0,54.0,16.0,91.0,100.0,17.0,33.0,8.0,17.0,33.0,16.0,32.0,24.0,8.0,16.0,30.0,40.0,32.0,43.0,36.0,16.0,0.0,22.0,14.0,7.0,19.0,6.0,13.0,19.0,31.0,6.0,6.0,12.0,29.0
장범준,21.0,26.0,28.0,20.0,15.0,30.0,19.0,27.0,15.0,16.0,14.0,33.0,30.0,26.0,24.0,39.0,50.0,43.0,32.0,45.0,91.0,32.0,25.0,31.0,30.0,31.0,34.0,30.0,19.0,19.0,35.0,13.0,28.0,20.0,22.0,24.0,18.0,15.0,21.0,16.0,30.0,100.0,72.0,58.0,44.0,35.0,32.0
빅스,72.0,75.0,70.0,76.0,59.0,70.0,65.0,62.0,65.0,82.0,61.0,80.0,69.0,85.0,82.0,92.0,68.0,72.0,61.0,69.0,53.0,68.0,72.0,71.0,64.0,83.0,76.0,61.0,85.0,73.0,77.0,71.0,68.0,72.0,74.0,65.0,89.0,70.0,70.0,100.0,79.0,69.0,69.0,70.0,64.0,67.0,63.0
태연,33.0,37.0,35.0,43.0,47.0,45.0,46.0,77.0,60.0,63.0,49.0,57.0,31.0,72.0,73.0,56.0,45.0,52.0,55.0,55.0,45.0,100.0,77.0,64.0,53.0,75.0,48.0,38.0,58.0,46.0,39.0,48.0,54.0,55.0,52.0,42.0,42.0,41.0,38.0,50.0,89.0,38.0,45.0,35.0,39.0,44.0,37.0
장혜진,30.0,35.0,12.0,18.0,30.0,6.0,31.0,7.0,39.0,19.0,18.0,12.0,0.0,64.0,19.0,6.0,12.0,18.0,12.0,11.0,0.0,0.0,0.0,11.0,17.0,22.0,11.0,6.0,0.0,22.0,17.0,5.0,10.0,28.0,21.0,10.0,100.0,24.0,9.0,0.0,18.0,13.0,9.0,9.0,0.0,4.0,4.0
샘김,26.0,26.0,40.0,41.0,68.0,54.0,56.0,58.0,59.0,57.0,0.0,54.0,41.0,64.0,56.0,52.0,51.0,0.0,26.0,77.0,26.0,26.0,26.0,51.0,25.0,62.0,100.0,0.0,24.0,25.0,50.0,0.0,23.0,37.0,35.0,23.0,22.0,43.0,30.0,40.0,0.0,19.0,29.0,19.0,75.0,38.0,18.0
창모,11.0,16.0,16.0,19.0,25.0,17.0,11.0,18.0,18.0,17.0,23.0,33.0,33.0,18.0,26.0,16.0,19.0,27.0,11.0,26.0,34.0,19.0,21.0,16.0,8.0,28.0,64.0,63.0,72.0,74.0,81.0,100.0,54.0,60.0,38.0,56.0,59.0,48.0,45.0,41.0,28.0,32.0,30.0,26.0,37.0,25.0,33.0
BLACKPINK,53.0,58.0,43.0,65.0,55.0,71.0,68.0,77.0,100.0,80.0,50.0,27.0,44.0,52.0,62.0,52.0,36.0,16.0,26.0,46.0,42.0,47.0,31.0,36.0,51.0,35.0,50.0,30.0,33.0,85.0,35.0,41.0,41.0,40.0,52.0,37.0,31.0,38.0,65.0,36.0,52.0,35.0,23.0,16.0,27.0,50.0,33.0
앤씨아,36.0,36.0,0.0,37.0,37.0,0.0,76.0,40.0,60.0,0.0,38.0,37.0,37.0,35.0,38.0,35.0,70.0,71.0,0.0,0.0,0.0,0.0,69.0,0.0,0.0,0.0,34.0,33.0,0.0,0.0,100.0,0.0,31.0,0.0,32.0,0.0,30.0,29.0,0.0,27.0,0.0,26.0,39.0,0.0,26.0,0.0,25.0
오반,18.0,18.0,14.0,21.0,14.0,19.0,7.0,10.0,10.0,7.0,5.0,0.0,12.0,13.0,7.0,18.0,9.0,9.0,7.0,13.0,4.0,9.0,0.0,4.0,7.0,6.0,15.0,8.0,6.0,13.0,11.0,10.0,12.0,26.0,12.0,24.0,13.0,18.0,9.0,100.0,52.0,13.0,15.0,13.0,13.0,10.0,16.0
양다일,17.0,17.0,34.0,34.0,23.0,28.0,29.0,18.0,37.0,36.0,29.0,11.0,34.0,22.0,18.0,11.0,11.0,43.0,33.0,22.0,11.0,22.0,21.0,16.0,21.0,10.0,100.0,41.0,10.0,16.0,16.0,10.0,10.0,31.0,10.0,14.0,0.0,18.0,8.0,13.0,29.0,29.0,16.0,16.0,16.0,8.0,15.0
마마무,33.0,22.0,45.0,43.0,40.0,76.0,29.0,40.0,25.0,24.0,20.0,31.0,34.0,32.0,62.0,30.0,43.0,65.0,41.0,41.0,51.0,47.0,32.0,100.0,90.0,49.0,62.0,81.0,62.0,63.0,59.0,84.0,38.0,51.0,46.0,57.0,49.0,45.0,25.0,44.0,44.0,20.0,26.0,24.0,42.0,41.0,44.0
닐로,12.0,8.0,31.0,8.0,12.0,20.0,8.0,17.0,21.0,13.0,16.0,8.0,55.0,26.0,17.0,19.0,23.0,30.0,23.0,23.0,8.0,15.0,15.0,30.0,29.0,54.0,33.0,18.0,21.0,11.0,40.0,100.0,33.0,11.0,17.0,7.0,20.0,19.0,18.0,17.0,6.0,6.0,11.0,6.0,5.0,8.0,13.0
브라운 아이드 걸스,12.0,6.0,9.0,0.0,9.0,0.0,9.0,6.0,13.0,12.0,12.0,6.0,0.0,11.0,12.0,6.0,17.0,20.0,14.0,6.0,25.0,100.0,36.0,19.0,19.0,11.0,8.0,8.0,10.0,19.0,16.0,10.0,10.0,11.0,5.0,5.0,5.0,9.0,11.0,0.0,4.0,6.0,4.0,13.0,17.0,8.0,6.0
소유,70.0,92.0,75.0,72.0,84.0,78.0,97.0,56.0,80.0,91.0,100.0,93.0,94.0,78.0,79.0,88.0,68.0,57.0,96.0,76.0,80.0,88.0,47.0,71.0,85.0,68.0,79.0,90.0,87.0,62.0,71.0,74.0,81.0,80.0,78.0,94.0,69.0,79.0,78.0,57.0,64.0,77.0,90.0,80.0,59.0,80.0,82.0
보아,88.0,92.0,90.0,96.0,100.0,90.0,95.0,88.0,82.0,97.0,98.0,91.0,92.0,100.0,93.0,85.0,96.0,97.0,47.0,37.0,34.0,29.0,29.0,30.0,29.0,29.0,29.0,24.0,29.0,32.0,31.0,25.0,24.0,23.0,26.0,27.0,25.0,25.0,25.0,21.0,24.0,22.0,20.0,20.0,19.0,19.0,15.0
지코,33.0,25.0,91.0,45.0,41.0,25.0,33.0,43.0,37.0,39.0,34.0,48.0,29.0,31.0,44.0,37.0,31.0,62.0,51.0,42.0,44.0,41.0,29.0,42.0,36.0,25.0,25.0,32.0,42.0,40.0,43.0,37.0,96.0,100.0,72.0,77.0,95.0,73.0,53.0,50.0,61.0,50.0,50.0,57.0,49.0,65.0,49.0
길구봉구,32.0,0.0,32.0,0.0,0.0,33.0,34.0,0.0,71.0,34.0,100.0,0.0,0.0,0.0,0.0,62.0,31.0,32.0,32.0,0.0,0.0,31.0,31.0,31.0,0.0,30.0,0.0,30.0,0.0,60.0,30.0,27.0,0.0,30.0,28.0,0.0,0.0,0.0,0.0,24.0,0.0,47.0,23.0,0.0,23.0,0.0,0.0
우디,32.0,32.0,77.0,100.0,73.0,67.0,64.0,61.0,64.0,40.0,77.0,65.0,65.0,62.0,73.0,39.0,49.0,57.0,55.0,44.0,44.0,44.0,51.0,68.0,48.0,59.0,47.0,46.0,45.0,57.0,37.0,82.0,66.0,44.0,47.0,39.0,62.0,51.0,34.0,44.0,75.0,46.0,50.0,75.0,70.0,64.0,60.0
이진혁,15.0,23.0,21.0,29.0,18.0,18.0,100.0,90.0,45.0,57.0,40.0,23.0,16.0,17.0,30.0,25.0,7.0,23.0,15.0,10.0,10.0,17.0,32.0,12.0,10.0,14.0,10.0,12.0,11.0,7.0,14.0,0.0,9.0,2.0,0.0,7.0,9.0,16.0,6.0,10.0,9.0,9.0,2.0,6.0,16.0,4.0,7.0
황치열,39.0,39.0,99.0,40.0,20.0,20.0,51.0,11.0,22.0,53.0,0.0,10.0,50.0,47.0,10.0,49.0,0.0,10.0,38.0,0.0,38.0,29.0,19.0,28.0,47.0,27.0,28.0,27.0,9.0,37.0,36.0,17.0,50.0,100.0,60.0,51.0,41.0,55.0,15.0,7.0,22.0,7.0,7.0,14.0,63.0,42.0,20.0
어쿠스틱 콜라보,0.0,0.0,0.0,36.0,0.0,36.0,74.0,0.0,0.0,0.0,37.0,0.0,0.0,34.0,56.0,35.0,0.0,69.0,34.0,0.0,34.0,0.0,34.0,100.0,33.0,33.0,33.0,32.0,0.0,33.0,0.0,0.0,61.0,0.0,0.0,0.0,0.0,42.0,26.0,0.0,0.0,26.0,26.0,26.0,50.0,25.0,0.0
김범수,58.0,34.0,41.0,41.0,53.0,100.0,37.0,51.0,70.0,50.0,72.0,35.0,47.0,45.0,31.0,45.0,85.0,63.0,57.0,89.0,39.0,23.0,50.0,33.0,49.0,22.0,44.0,70.0,31.0,38.0,70.0,35.0,40.0,43.0,46.0,35.0,49.0,14.0,22.0,48.0,26.0,64.0,21.0,46.0,49.0,54.0,47.0
임창정,35.0,43.0,20.0,45.0,100.0,63.0,73.0,51.0,35.0,31.0,37.0,36.0,82.0,91.0,89.0,90.0,52.0,40.0,33.0,50.0,33.0,33.0,61.0,46.0,20.0,23.0,30.0,39.0,47.0,33.0,30.0,30.0,26.0,20.0,20.0,28.0,24.0,27.0,28.0,23.0,17.0,27.0,32.0,18.0,32.0,23.0,16.0
잔나비,100.0,67.0,49.0,69.0,57.0,38.0,38.0,31.0,28.0,52.0,28.0,23.0,34.0,30.0,33.0,34.0,19.0,25.0,25.0,21.0,22.0,35.0,23.0,23.0,27.0,27.0,8.0,29.0,24.0,34.0,27.0,18.0,20.0,25.0,21.0,33.0,18.0,22.0,20.0,24.0,25.0,22.0,35.0,38.0,19.0,19.0,24.0
WH3N,0.0,0.0,0.0,0.0,0.0,0.0,0.0,0.0,0.0,0.0,0.0,0.0,0.0,0.0,0.0,0.0,0.0,0.0,0.0,0.0,0.0,0.0,0.0,0.0,0.0,0.0,0.0,0.0,0.0,0.0,0.0,0.0,0.0,100.0,0.0,0.0,0.0,0.0,0.0,0.0,0.0,0.0,0.0,0.0,0.0,0.0,0.0
오마이걸,35.0,39.0,27.0,45.0,45.0,31.0,23.0,32.0,44.0,71.0,50.0,58.0,52.0,64.0,63.0,72.0,71.0,100.0,69.0,45.0,62.0,67.0,74.0,38.0,58.0,33.0,44.0,61.0,37.0,41.0,64.0,30.0,49.0,71.0,51.0,42.0,39.0,35.0,35.0,44.0,49.0,61.0,40.0,34.0,45.0,55.0,86.0
은지원,28.0,66.0,73.0,100.0,91.0,80.0,90.0,49.0,38.0,85.0,53.0,29.0,26.0,40.0,44.0,28.0,55.0,37.0,59.0,46.0,34.0,65.0,49.0,30.0,57.0,62.0,68.0,23.0,25.0,53.0,38.0,43.0,71.0,53.0,36.0,46.0,48.0,48.0,40.0,50.0,35.0,51.0,32.0,25.0,36.0,18.0,28.0
허각,37.0,44.0,45.0,60.0,15.0,30.0,78.0,57.0,57.0,64.0,61.0,45.0,68.0,93.0,47.0,58.0,72.0,36.0,65.0,50.0,100.0,94.0,28.0,28.0,98.0,34.0,76.0,47.0,33.0,62.0,48.0,25.0,25.0,41.0,26.0,63.0,43.0,24.0,28.0,44.0,33.0,32.0,54.0,38.0,32.0,10.0,61.0
EK,17.0,51.0,63.0,58.0,35.0,46.0,36.0,37.0,50.0,37.0,77.0,69.0,64.0,60.0,72.0,100.0,83.0,78.0,72.0,28.0,71.0,72.0,49.0,32.0,75.0,48.0,37.0,63.0,65.0,32.0,42.0,39.0,39.0,32.0,35.0,54.0,67.0,23.0,85.0,34.0,21.0,66.0,45.0,62.0,53.0,49.0,31.0
보이비,0.0,0.0,0.0,35.0,35.0,35.0,36.0,75.0,38.0,0.0,36.0,35.0,52.0,33.0,0.0,34.0,100.0,0.0,67.0,66.0,33.0,34.0,0.0,49.0,33.0,32.0,0.0,63.0,30.0,32.0,32.0,29.0,0.0,0.0,0.0,0.0,0.0,0.0,52.0,51.0,26.0,25.0,25.0,25.0,24.0,37.0,0.0
Aurora,30.0,65.0,48.0,42.0,30.0,30.0,63.0,46.0,20.0,83.0,37.0,60.0,55.0,29.0,50.0,46.0,64.0,23.0,64.0,57.0,81.0,46.0,34.0,79.0,67.0,89.0,62.0,77.0,100.0,89.0,89.0,61.0,72.0,55.0,26.0,76.0,65.0,52.0,58.0,27.0,35.0,26.0,30.0,69.0,51.0,30.0,81.0
스텔라장,21.0,20.0,42.0,32.0,0.0,21.0,11.0,11.0,11.0,22.0,32.0,21.0,21.0,60.0,22.0,100.0,81.0,30.0,10.0,10.0,10.0,20.0,20.0,20.0,29.0,10.0,19.0,38.0,27.0,29.0,39.0,79.0,62.0,48.0,64.0,35.0,26.0,8.0,8.0,39.0,8.0,23.0,0.0,60.0,51.0,22.0,70.0
넬,29.0,35.0,29.0,31.0,33.0,33.0,36.0,37.0,43.0,40.0,27.0,41.0,31.0,34.0,34.0,40.0,47.0,52.0,49.0,36.0,48.0,48.0,33.0,35.0,26.0,32.0,32.0,28.0,53.0,100.0,43.0,51.0,39.0,51.0,33.0,32.0,30.0,39.0,41.0,35.0,40.0,33.0,36.0,47.0,30.0,25.0,43.0
비투비,86.0,45.0,66.0,79.0,63.0,50.0,47.0,58.0,68.0,66.0,51.0,58.0,100.0,91.0,65.0,64.0,48.0,64.0,40.0,83.0,56.0,16.0,67.0,66.0,31.0,92.0,69.0,53.0,58.0,58.0,49.0,32.0,77.0,64.0,76.0,46.0,31.0,56.0,96.0,58.0,61.0,39.0,71.0,80.0,70.0,79.0,50.0
기리보이,17.0,75.0,76.0,47.0,36.0,30.0,18.0,51.0,77.0,100.0,97.0,88.0,77.0,62.0,74.0,68.0,80.0,34.0,74.0,45.0,51.0,40.0,39.0,56.0,55.0,33.0,99.0,81.0,57.0,44.0,44.0,30.0,25.0,27.0,62.0,60.0,59.0,47.0,31.0,44.0,35.0,38.0,34.0,21.0,41.0,50.0,36.0
벤,52.0,46.0,38.0,41.0,54.0,60.0,48.0,54.0,56.0,57.0,69.0,49.0,46.0,62.0,49.0,60.0,100.0,65.0,50.0,50.0,46.0,53.0,46.0,38.0,43.0,44.0,43.0,48.0,42.0,47.0,56.0,44.0,50.0,48.0,44.0,40.0,51.0,49.0,38.0,48.0,42.0,41.0,45.0,50.0,42.0,47.0,48.0
먼데이 키즈,45.0,30.0,61.0,31.0,39.0,46.0,72.0,33.0,25.0,41.0,39.0,31.0,100.0,66.0,24.0,52.0,22.0,59.0,30.0,29.0,37.0,59.0,22.0,72.0,36.0,49.0,35.0,55.0,27.0,43.0,28.0,19.0,26.0,14.0,13.0,26.0,13.0,18.0,23.0,40.0,17.0,22.0,22.0,11.0,38.0,11.0,16.0
슈퍼주니어,24.0,14.0,11.0,6.0,13.0,21.0,8.0,16.0,9.0,12.0,13.0,16.0,11.0,15.0,13.0,17.0,18.0,22.0,36.0,100.0,83.0,45.0,30.0,27.0,14.0,25.0,21.0,28.0,22.0,18.0,31.0,27.0,33.0,21.0,15.0,15.0,27.0,22.0,15.0,23.0,20.0,20.0,16.0,24.0,27.0,23.0,17.0
Taylor Swift,40.0,49.0,68.0,34.0,88.0,59.0,42.0,64.0,41.0,60.0,48.0,100.0,97.0,63.0,55.0,54.0,39.0,33.0,33.0,30.0,36.0,64.0,53.0,44.0,53.0,63.0,46.0,28.0,57.0,52.0,43.0,50.0,32.0,34.0,54.0,61.0,31.0,57.0,46.0,23.0,39.0,34.0,52.0,34.0,35.0,37.0,15.0
산다라박,19.0,19.0,0.0,29.0,10.0,10.0,20.0,21.0,11.0,21.0,20.0,19.0,29.0,19.0,10.0,37.0,37.0,28.0,9.0,9.0,19.0,38.0,18.0,46.0,9.0,9.0,0.0,18.0,9.0,18.0,27.0,8.0,41.0,18.0,17.0,25.0,40.0,8.0,65.0,7.0,100.0,49.0,49.0,21.0,20.0,0.0,26.0
ASH ISLAND,34.0,69.0,52.0,35.0,35.0,70.0,0.0,57.0,57.0,0.0,36.0,35.0,35.0,100.0,36.0,0.0,33.0,67.0,34.0,66.0,66.0,85.0,33.0,65.0,33.0,32.0,32.0,0.0,91.0,64.0,32.0,74.0,0.0,64.0,30.0,0.0,0.0,28.0,39.0,51.0,78.0,0.0,25.0,50.0,99.0,0.0,47.0
첸,1.0,1.0,1.0,2.0,1.0,1.0,1.0,1.0,1.0,1.0,1.0,1.0,2.0,1.0,2.0,1.0,1.0,2.0,2.0,2.0,1.0,2.0,1.0,1.0,1.0,1.0,1.0,2.0,1.0,1.0,1.0,2.0,100.0,11.0,4.0,2.0,3.0,4.0,4.0,4.0,3.0,3.0,2.0,2.0,2.0,2.0,3.0
윤건,21.0,21.0,0.0,0.0,21.0,21.0,22.0,0.0,47.0,0.0,22.0,0.0,0.0,40.0,22.0,0.0,0.0,20.0,21.0,0.0,0.0,41.0,0.0,20.0,100.0,0.0,39.0,0.0,0.0,0.0,0.0,54.0,36.0,39.0,18.0,54.0,0.0,51.0,0.0,0.0,0.0,15.0,0.0,15.0,15.0,15.0,29.0
Sia,31.0,46.0,55.0,40.0,32.0,39.0,33.0,26.0,34.0,33.0,40.0,39.0,16.0,30.0,66.0,23.0,46.0,38.0,46.0,83.0,30.0,61.0,45.0,59.0,44.0,29.0,51.0,58.0,34.0,73.0,22.0,33.0,54.0,22.0,55.0,47.0,46.0,50.0,100.0,12.0,40.0,57.0,23.0,23.0,39.0,33.0,42.0
The Quiett,0.0,0.0,0.0,60.0,0.0,59.0,0.0,0.0,65.0,64.0,0.0,0.0,0.0,57.0,62.0,0.0,0.0,0.0,0.0,56.0,57.0,0.0,0.0,0.0,55.0,0.0,0.0,54.0,52.0,0.0,0.0,100.0,0.0,0.0,52.0,51.0,0.0,0.0,0.0,44.0,0.0,43.0,43.0,0.0,41.0,42.0,0.0
김동률,45.0,45.0,23.0,23.0,46.0,38.0,64.0,100.0,83.0,40.0,31.0,53.0,46.0,44.0,64.0,51.0,44.0,67.0,74.0,51.0,66.0,74.0,44.0,58.0,50.0,71.0,50.0,63.0,47.0,28.0,35.0,65.0,39.0,42.0,27.0,19.0,44.0,30.0,17.0,6.0,22.0,11.0,33.0,39.0,21.0,33.0,36.0
Michael Buble,69.0,86.0,35.0,0.0,0.0,0.0,36.0,38.0,38.0,56.0,36.0,35.0,0.0,50.0,37.0,85.0,100.0,34.0,0.0,33.0,0.0,34.0,0.0,33.0,0.0,48.0,97.0,48.0,61.0,97.0,64.0,59.0,74.0,32.0,61.0,30.0,0.0,28.0,52.0,39.0,26.0,25.0,25.0,0.0,74.0,49.0,24.0
매드 클라운,13.0,19.0,13.0,26.0,13.0,19.0,20.0,14.0,63.0,75.0,92.0,58.0,64.0,37.0,27.0,12.0,49.0,49.0,49.0,25.0,49.0,80.0,61.0,72.0,60.0,100.0,53.0,35.0,34.0,12.0,23.0,16.0,27.0,12.0,11.0,33.0,26.0,10.0,28.0,24.0,9.0,9.0,27.0,32.0,27.0,22.0,26.0
피아노맨,0.0,25.0,51.0,26.0,0.0,26.0,0.0,0.0,28.0,27.0,0.0,26.0,0.0,25.0,0.0,0.0,0.0,100.0,0.0,49.0,0.0,0.0,49.0,0.0,48.0,24.0,48.0,24.0,22.0,0.0,0.0,43.0,0.0,24.0,45.0,0.0,43.0,41.0,38.0,0.0,0.0,37.0,18.0,37.0,18.0,0.0,17.0
PRODUCE X 101,45.0,45.0,59.0,42.0,41.0,44.0,100.0,35.0,21.0,8.0,6.0,4.0,10.0,6.0,4.0,4.0,4.0,9.0,4.0,7.0,7.0,0.0,7.0,4.0,7.0,0.0,0.0,5.0,3.0,4.0,3.0,5.0,0.0,4.0,0.0,3.0,0.0,0.0,0.0,0.0,3.0,3.0,0.0,0.0,3.0,0.0,3.0
백호,52.0,49.0,53.0,38.0,73.0,35.0,49.0,68.0,41.0,40.0,100.0,41.0,38.0,48.0,69.0,64.0,63.0,60.0,52.0,66.0,54.0,43.0,48.0,41.0,71.0,37.0,46.0,43.0,47.0,49.0,75.0,45.0,67.0,40.0,68.0,37.0,49.0,50.0,58.0,51.0,56.0,27.0,59.0,45.0,55.0,46.0,49.0
Crush,64.0,68.0,38.0,31.0,74.0,85.0,100.0,54.0,50.0,37.0,67.0,81.0,62.0,85.0,81.0,56.0,77.0,59.0,74.0,63.0,99.0,75.0,69.0,58.0,61.0,64.0,75.0,80.0,91.0,64.0,60.0,62.0,42.0,74.0,30.0,82.0,73.0,73.0,40.0,43.0,54.0,75.0,44.0,39.0,81.0,68.0,31.0
세정,51.0,49.0,61.0,43.0,66.0,52.0,63.0,29.0,42.0,58.0,44.0,41.0,20.0,45.0,28.0,35.0,39.0,33.0,63.0,50.0,58.0,44.0,49.0,47.0,36.0,56.0,44.0,49.0,41.0,29.0,29.0,32.0,33.0,47.0,29.0,48.0,39.0,43.0,39.0,47.0,100.0,89.0,47.0,49.0,59.0,49.0,62.0
여동생,78.0,72.0,71.0,100.0,96.0,82.0,58.0,70.0,75.0,43.0,69.0,70.0,78.0,48.0,77.0,73.0,51.0,68.0,40.0,39.0,58.0,58.0,57.0,54.0,46.0,66.0,54.0,63.0,61.0,78.0,72.0,62.0,50.0,58.0,69.0,55.0,61.0,69.0,73.0,64.0,59.0,57.0,55.0,74.0,46.0,66.0,48.0
Juice WRLD,0.0,2.0,0.0,0.0,0.0,6.0,2.0,2.0,2.0,2.0,4.0,0.0,0.0,0.0,2.0,2.0,0.0,2.0,2.0,3.0,2.0,2.0,0.0,2.0,2.0,2.0,2.0,100.0,11.0,8.0,3.0,7.0,3.0,7.0,5.0,0.0,0.0,3.0,2.0,4.0,9.0,2.0,1.0,4.0,3.0,4.0,3.0
로꼬,74.0,83.0,56.0,57.0,38.0,28.0,59.0,82.0,31.0,100.0,87.0,66.0,28.0,36.0,39.0,18.0,90.0,36.0,73.0,27.0,27.0,0.0,36.0,18.0,18.0,26.0,26.0,17.0,33.0,61.0,34.0,48.0,48.0,26.0,25.0,32.0,16.0,45.0,35.0,63.0,69.0,54.0,41.0,41.0,53.0,46.0,70.0
박다혜,100.0,49.0,50.0,51.0,0.0,0.0,53.0,0.0,56.0,53.0,0.0,51.0,0.0,73.0,53.0,50.0,97.0,0.0,0.0,0.0,48.0,49.0,0.0,0.0,94.0,0.0,0.0,0.0,0.0,47.0,46.0,43.0,43.0,46.0,0.0,43.0,42.0,40.0,38.0,56.0,56.0,0.0,73.0,36.0,36.0,36.0,34.0
어반 자카파,0.0,64.0,54.0,76.0,54.0,76.0,34.0,0.0,35.0,57.0,33.0,54.0,43.0,21.0,23.0,42.0,41.0,42.0,63.0,21.0,52.0,0.0,41.0,40.0,61.0,20.0,100.0,0.0,28.0,30.0,20.0,27.0,18.0,0.0,28.0,0.0,36.0,26.0,24.0,32.0,0.0,31.0,31.0,31.0,45.0,38.0,29.0
P.O,0.0,69.0,0.0,0.0,0.0,0.0,72.0,0.0,75.0,73.0,72.0,70.0,0.0,66.0,0.0,0.0,0.0,0.0,0.0,66.0,0.0,0.0,66.0,65.0,64.0,0.0,0.0,0.0,60.0,0.0,0.0,0.0,59.0,0.0,0.0,58.0,0.0,0.0,0.0,0.0,51.0,100.0,0.0,0.0,49.0,49.0,0.0
권진아,13.0,38.0,13.0,0.0,13.0,13.0,14.0,0.0,0.0,0.0,13.0,13.0,39.0,37.0,14.0,50.0,62.0,38.0,63.0,12.0,37.0,13.0,12.0,49.0,48.0,36.0,12.0,12.0,23.0,12.0,24.0,22.0,88.0,24.0,11.0,22.0,11.0,10.0,0.0,19.0,48.0,28.0,9.0,56.0,100.0,74.0,26.0
저스디스,100.0,33.0,23.0,23.0,34.0,23.0,59.0,49.0,61.0,12.0,46.0,79.0,11.0,33.0,47.0,22.0,98.0,66.0,99.0,54.0,11.0,22.0,32.0,32.0,11.0,31.0,21.0,41.0,40.0,21.0,52.0,29.0,48.0,21.0,30.0,19.0,28.0,36.0,34.0,17.0,33.0,33.0,16.0,33.0,24.0,16.0,23.0
윤종신,38.0,27.0,11.0,30.0,20.0,28.0,15.0,30.0,20.0,47.0,17.0,20.0,26.0,32.0,100.0,43.0,40.0,34.0,25.0,11.0,19.0,28.0,23.0,17.0,38.0,29.0,29.0,20.0,21.0,15.0,27.0,20.0,14.0,29.0,21.0,17.0,29.0,23.0,23.0,9.0,16.0,13.0,8.0,8.0,18.0,19.0,22.0
염따,40.0,28.0,19.0,22.0,18.0,18.0,21.0,17.0,19.0,34.0,25.0,31.0,49.0,19.0,13.0,17.0,30.0,100.0,68.0,19.0,50.0,26.0,31.0,24.0,24.0,10.0,30.0,20.0,49.0,40.0,23.0,34.0,18.0,26.0,14.0,17.0,13.0,14.0,11.0,26.0,13.0,9.0,4.0,15.0,18.0,20.0,19.0
스윙스,90.0,55.0,26.0,15.0,38.0,28.0,31.0,49.0,63.0,56.0,100.0,54.0,53.0,57.0,61.0,56.0,39.0,38.0,29.0,36.0,25.0,27.0,25.0,28.0,23.0,36.0,21.0,20.0,33.0,41.0,45.0,27.0,22.0,17.0,44.0,36.0,12.0,19.0,19.0,25.0,23.0,20.0,27.0,20.0,22.0,9.0,21.0
윤하,22.0,19.0,17.0,27.0,56.0,32.0,27.0,31.0,28.0,31.0,23.0,18.0,24.0,17.0,28.0,26.0,37.0,25.0,22.0,18.0,27.0,16.0,17.0,18.0,15.0,19.0,13.0,28.0,24.0,34.0,26.0,100.0,53.0,38.0,29.0,19.0,28.0,29.0,39.0,25.0,27.0,22.0,20.0,26.0,27.0,24.0,24.0
자이언티,27.0,9.0,18.0,9.0,47.0,9.0,10.0,20.0,10.0,29.0,28.0,37.0,9.0,27.0,58.0,27.0,9.0,36.0,9.0,9.0,36.0,18.0,18.0,35.0,60.0,17.0,26.0,25.0,24.0,34.0,17.0,23.0,0.0,25.0,8.0,23.0,23.0,0.0,28.0,7.0,20.0,0.0,13.0,100.0,45.0,20.0,50.0
정인,65.0,75.0,86.0,82.0,87.0,66.0,80.0,66.0,100.0,65.0,42.0,71.0,77.0,68.0,48.0,69.0,78.0,49.0,49.0,34.0,73.0,84.0,58.0,67.0,43.0,66.0,47.0,42.0,67.0,80.0,33.0,52.0,52.0,42.0,53.0,56.0,51.0,48.0,42.0,60.0,53.0,44.0,62.0,29.0,61.0,54.0,48.0
엔플라잉,53.0,66.0,13.0,41.0,55.0,27.0,42.0,29.0,44.0,29.0,56.0,27.0,14.0,26.0,71.0,13.0,26.0,26.0,26.0,77.0,65.0,13.0,64.0,13.0,25.0,0.0,38.0,37.0,71.0,100.0,63.0,11.0,12.0,25.0,24.0,46.0,90.0,53.0,30.0,80.0,20.0,59.0,10.0,29.0,28.0,29.0,27.0
CL,65.0,52.0,76.0,57.0,84.0,67.0,66.0,65.0,54.0,60.0,58.0,60.0,50.0,67.0,66.0,80.0,67.0,58.0,64.0,51.0,67.0,74.0,72.0,72.0,59.0,64.0,80.0,88.0,96.0,46.0,49.0,51.0,71.0,49.0,78.0,48.0,69.0,100.0,67.0,84.0,56.0,41.0,64.0,65.0,87.0,80.0,63.0
Ed Sheeran,37.0,58.0,71.0,50.0,63.0,96.0,100.0,73.0,50.0,44.0,47.0,71.0,55.0,92.0,31.0,65.0,24.0,69.0,57.0,48.0,64.0,49.0,47.0,43.0,55.0,46.0,27.0,38.0,29.0,43.0,46.0,50.0,18.0,38.0,36.0,21.0,55.0,36.0,34.0,31.0,31.0,24.0,45.0,27.0,29.0,53.0,48.0
박봄,7.0,10.0,16.0,23.0,70.0,21.0,18.0,13.0,23.0,21.0,33.0,9.0,68.0,86.0,100.0,70.0,46.0,41.0,46.0,36.0,37.0,39.0,22.0,20.0,12.0,11.0,21.0,16.0,12.0,23.0,18.0,57.0,17.0,18.0,25.0,20.0,7.0,17.0,13.0,12.0,16.0,9.0,14.0,14.0,14.0,11.0,10.0
쿠기,100.0,43.0,22.0,29.0,66.0,15.0,23.0,39.0,40.0,62.0,52.0,29.0,29.0,14.0,76.0,42.0,84.0,42.0,56.0,35.0,35.0,28.0,28.0,48.0,34.0,27.0,20.0,46.0,25.0,74.0,66.0,18.0,25.0,40.0,19.0,18.0,12.0,34.0,54.0,27.0,32.0,42.0,37.0,16.0,66.0,41.0,78.0
맴맴,0.0,0.0,47.0,0.0,48.0,48.0,0.0,0.0,0.0,0.0,0.0,47.0,0.0,46.0,100.0,0.0,0.0,0.0,0.0,45.0,0.0,0.0,0.0,0.0,0.0,44.0,0.0,0.0,0.0,0.0,44.0,41.0,0.0,0.0,0.0,0.0,39.0,0.0,0.0,35.0,35.0,34.0,0.0,0.0,50.0,0.0,65.0
케이윌,38.0,65.0,44.0,50.0,44.0,17.0,46.0,30.0,48.0,47.0,34.0,22.0,28.0,42.0,46.0,16.0,100.0,21.0,21.0,47.0,42.0,27.0,31.0,52.0,26.0,10.0,15.0,25.0,53.0,61.0,55.0,37.0,47.0,50.0,33.0,56.0,18.0,35.0,20.0,41.0,16.0,32.0,12.0,8.0,77.0,31.0,22.0
백현,32.0,32.0,36.0,46.0,43.0,73.0,70.0,74.0,58.0,70.0,66.0,47.0,50.0,50.0,48.0,40.0,28.0,46.0,52.0,51.0,58.0,56.0,37.0,50.0,58.0,34.0,43.0,45.0,45.0,56.0,60.0,75.0,100.0,69.0,62.0,59.0,44.0,48.0,54.0,65.0,70.0,52.0,56.0,56.0,59.0,49.0,60.0
SG워너비,100.0,100.0,84.0,85.0,51.0,17.0,0.0,18.0,55.0,54.0,87.0,51.0,68.0,33.0,18.0,32.0,33.0,49.0,0.0,81.0,0.0,49.0,81.0,16.0,48.0,31.0,63.0,47.0,44.0,94.0,16.0,43.0,29.0,31.0,74.0,14.0,28.0,94.0,63.0,0.0,37.0,12.0,0.0,49.0,71.0,72.0,11.0
김동준,0.0,28.0,4.0,0.0,0.0,4.0,11.0,0.0,8.0,4.0,11.0,0.0,11.0,0.0,11.0,0.0,3.0,21.0,10.0,17.0,21.0,38.0,24.0,64.0,100.0,49.0,63.0,33.0,47.0,20.0,86.0,66.0,39.0,23.0,22.0,30.0,35.0,20.0,13.0,18.0,13.0,15.0,15.0,18.0,12.0,15.0,22.0
태용,41.0,57.0,58.0,83.0,46.0,25.0,39.0,45.0,45.0,48.0,30.0,37.0,71.0,40.0,30.0,100.0,36.0,56.0,56.0,24.0,40.0,40.0,39.0,8.0,27.0,34.0,12.0,26.0,18.0,15.0,23.0,21.0,39.0,34.0,69.0,25.0,21.0,33.0,28.0,64.0,55.0,54.0,48.0,60.0,41.0,38.0,59.0
Sik-K,0.0,0.0,48.0,0.0,0.0,0.0,100.0,0.0,0.0,0.0,49.0,0.0,0.0,46.0,0.0,46.0,46.0,0.0,0.0,0.0,0.0,48.0,46.0,0.0,0.0,0.0,45.0,0.0,0.0,0.0,0.0,0.0,0.0,0.0,0.0,0.0,0.0,0.0,0.0,36.0,0.0,0.0,0.0,0.0,0.0,0.0,0.0
GRAY,72.0,56.0,66.0,74.0,51.0,69.0,86.0,75.0,70.0,80.0,66.0,64.0,74.0,85.0,65.0,80.0,86.0,55.0,62.0,77.0,92.0,64.0,87.0,84.0,86.0,74.0,100.0,85.0,78.0,100.0,94.0,89.0,86.0,63.0,78.0,84.0,63.0,60.0,56.0,83.0,88.0,58.0,82.0,71.0,84.0,79.0,81.0
블랙넛,0.0,40.0,100.0,41.0,46.0,37.0,28.0,49.0,30.0,34.0,56.0,9.0,9.0,35.0,43.0,31.0,9.0,26.0,31.0,17.0,26.0,17.0,26.0,21.0,17.0,8.0,8.0,91.0,12.0,25.0,50.0,23.0,31.0,17.0,8.0,27.0,26.0,29.0,17.0,17.0,10.0,20.0,29.0,16.0,32.0,48.0,25.0
DAY6,14.0,14.0,59.0,44.0,15.0,44.0,46.0,96.0,16.0,31.0,60.0,59.0,44.0,42.0,15.0,56.0,14.0,100.0,28.0,14.0,56.0,0.0,70.0,55.0,69.0,68.0,27.0,40.0,13.0,14.0,54.0,50.0,50.0,27.0,26.0,12.0,24.0,35.0,44.0,43.0,22.0,42.0,11.0,0.0,21.0,10.0,59.0
이수,70.0,81.0,82.0,80.0,92.0,89.0,65.0,80.0,68.0,87.0,87.0,98.0,100.0,76.0,68.0,90.0,58.0,60.0,52.0,77.0,91.0,69.0,64.0,59.0,77.0,64.0,80.0,88.0,81.0,66.0,57.0,46.0,66.0,47.0,56.0,57.0,70.0,87.0,31.0,77.0,51.0,56.0,61.0,100.0,59.0,76.0,67.0
Mariah Carey,29.0,0.0,10.0,10.0,20.0,10.0,21.0,11.0,11.0,21.0,20.0,20.0,0.0,19.0,31.0,38.0,28.0,19.0,10.0,28.0,19.0,9.0,9.0,9.0,28.0,45.0,64.0,63.0,69.0,100.0,36.0,8.0,8.0,9.0,9.0,25.0,16.0,31.0,15.0,29.0,7.0,14.0,14.0,21.0,0.0,14.0,13.0
빈지노,34.0,37.0,62.0,28.0,63.0,57.0,52.0,44.0,75.0,100.0,81.0,50.0,76.0,48.0,43.0,45.0,36.0,48.0,33.0,51.0,39.0,43.0,56.0,44.0,38.0,35.0,44.0,28.0,44.0,55.0,46.0,32.0,32.0,20.0,11.0,53.0,57.0,22.0,40.0,14.0,18.0,23.0,36.0,38.0,46.0,29.0,30.0
Zara Larsson,40.0,100.0,30.0,41.0,21.0,20.0,42.0,0.0,45.0,65.0,42.0,20.0,20.0,29.0,32.0,0.0,0.0,19.0,20.0,39.0,19.0,0.0,0.0,19.0,0.0,0.0,0.0,37.0,18.0,0.0,18.0,43.0,17.0,19.0,18.0,0.0,17.0,16.0,0.0,15.0,15.0,15.0,0.0,15.0,0.0,28.0,0.0
BIG Naughty,0.0,0.0,0.0,0.0,0.0,0.0,57.0,0.0,59.0,0.0,0.0,0.0,0.0,0.0,0.0,0.0,52.0,0.0,0.0,0.0,0.0,0.0,0.0,0.0,0.0,50.0,0.0,50.0,0.0,100.0,0.0,0.0,0.0,50.0,0.0,47.0,0.0,0.0,0.0,0.0,0.0,39.0,0.0,0.0,0.0,38.0,0.0
에일리,35.0,48.0,33.0,35.0,100.0,75.0,51.0,50.0,46.0,71.0,49.0,42.0,37.0,28.0,52.0,22.0,28.0,52.0,42.0,38.0,38.0,44.0,26.0,25.0,41.0,39.0,46.0,38.0,58.0,46.0,29.0,43.0,51.0,45.0,75.0,69.0,57.0,42.0,28.0,34.0,28.0,30.0,37.0,27.0,43.0,36.0,38.0
비,70.0,79.0,68.0,73.0,63.0,69.0,72.0,68.0,63.0,70.0,78.0,77.0,79.0,88.0,87.0,92.0,85.0,90.0,92.0,92.0,89.0,97.0,97.0,100.0,86.0,77.0,73.0,74.0,76.0,79.0,75.0,76.0,76.0,70.0,73.0,76.0,76.0,74.0,70.0,72.0,78.0,77.0,76.0,76.0,77.0,75.0,78.0
VICTON,100.0,0.0,0.0,0.0,0.0,69.0,36.0,74.0,37.0,0.0,0.0,0.0,34.0,0.0,35.0,33.0,33.0,0.0,33.0,33.0,33.0,0.0,32.0,64.0,0.0,31.0,0.0,0.0,30.0,32.0,31.0,72.0,58.0,0.0,59.0,29.0,84.0,0.0,0.0,38.0,25.0,49.0,25.0,24.0,24.0,48.0,23.0
빈첸,5.0,13.0,16.0,13.0,8.0,11.0,10.0,10.0,12.0,17.0,25.0,13.0,16.0,15.0,12.0,15.0,6.0,14.0,15.0,5.0,6.0,8.0,8.0,7.0,6.0,4.0,13.0,13.0,11.0,9.0,9.0,16.0,100.0,7.0,8.0,8.0,3.0,4.0,8.0,13.0,9.0,14.0,5.0,13.0,6.0,4.0,4.0
뉴이스트,34.0,34.0,28.0,62.0,56.0,42.0,43.0,83.0,60.0,59.0,35.0,62.0,49.0,46.0,43.0,46.0,27.0,34.0,47.0,66.0,86.0,100.0,85.0,52.0,77.0,38.0,45.0,38.0,24.0,51.0,32.0,47.0,47.0,44.0,18.0,59.0,29.0,33.0,31.0,15.0,35.0,45.0,30.0,50.0,19.0,24.0,47.0
WINNER,100.0,79.0,72.0,68.0,68.0,55.0,66.0,60.0,79.0,63.0,44.0,55.0,77.0,49.0,75.0,78.0,57.0,65.0,70.0,73.0,69.0,86.0,64.0,60.0,64.0,71.0,79.0,92.0,89.0,55.0,82.0,54.0,65.0,78.0,40.0,54.0,81.0,47.0,41.0,50.0,50.0,55.0,73.0,67.0,45.0,63.0,55.0
HYNN,0.0,0.0,21.0,0.0,0.0,0.0,0.0,0.0,0.0,0.0,32.0,21.0,41.0,49.0,22.0,0.0,20.0,0.0,20.0,0.0,0.0,20.0,39.0,0.0,78.0,19.0,19.0,19.0,18.0,0.0,0.0,35.0,26.0,0.0,0.0,0.0,0.0,16.0,100.0,61.0,38.0,15.0,15.0,0.0,22.0,29.0,28.0
IZ*ONE,62.0,31.0,32.0,32.0,0.0,32.0,33.0,0.0,0.0,0.0,0.0,0.0,0.0,0.0,66.0,0.0,0.0,0.0,0.0,0.0,30.0,31.0,0.0,30.0,0.0,0.0,0.0,0.0,0.0,0.0,0.0,0.0,0.0,0.0,0.0,0.0,26.0,100.0,24.0,0.0,0.0,0.0,0.0,0.0,0.0,0.0,0.0
영비,10.0,13.0,10.0,10.0,15.0,3.0,10.0,11.0,11.0,41.0,80.0,11.0,19.0,59.0,100.0,50.0,36.0,31.0,28.0,23.0,9.0,6.0,14.0,12.0,8.0,12.0,6.0,7.0,11.0,12.0,7.0,7.0,10.0,12.0,13.0,15.0,13.0,10.0,7.0,6.0,6.0,7.0,9.0,5.0,11.0,11.0,5.0
10cm,84.0,56.0,85.0,19.0,96.0,29.0,40.0,52.0,41.0,60.0,39.0,95.0,29.0,27.0,50.0,100.0,82.0,83.0,37.0,36.0,27.0,46.0,54.0,63.0,18.0,79.0,44.0,43.0,33.0,79.0,53.0,88.0,57.0,43.0,41.0,24.0,55.0,67.0,42.0,35.0,49.0,34.0,61.0,68.0,53.0,54.0,32.0
강현준,0.0,0.0,0.0,100.0,50.0,50.0,0.0,0.0,0.0,0.0,0.0,0.0,0.0,0.0,0.0,0.0,0.0,0.0,0.0,0.0,0.0,0.0,47.0,0.0,0.0,46.0,0.0,45.0,43.0,0.0,0.0,0.0,42.0,0.0,0.0,84.0,0.0,39.0,0.0,0.0,0.0,0.0,0.0,0.0,0.0,0.0,0.0
여은,0.0,1.0,1.0,1.0,1.0,2.0,0.0,4.0,0.0,0.0,0.0,2.0,0.0,3.0,5.0,0.0,0.0,0.0,1.0,0.0,2.0,0.0,1.0,0.0,3.0,1.0,2.0,0.0,2.0,1.0,2.0,2.0,0.0,0.0,0.0,0.0,4.0,68.0,100.0,58.0,33.0,56.0,63.0,7.0,25.0,42.0,21.0
이석훈,27.0,13.0,27.0,14.0,20.0,41.0,42.0,29.0,15.0,14.0,0.0,61.0,40.0,45.0,35.0,13.0,13.0,59.0,13.0,64.0,26.0,59.0,13.0,76.0,25.0,74.0,31.0,86.0,65.0,100.0,31.0,29.0,34.0,31.0,35.0,34.0,39.0,21.0,25.0,20.0,40.0,29.0,10.0,24.0,14.0,19.0,18.0
최자,1.0,2.0,2.0,5.0,3.0,5.0,3.0,4.0,4.0,2.0,3.0,3.0,1.0,3.0,3.0,3.0,2.0,5.0,3.0,100.0,8.0,3.0,3.0,5.0,1.0,5.0,3.0,2.0,3.0,2.0,4.0,2.0,2.0,1.0,3.0,3.0,2.0,4.0,2.0,1.0,1.0,1.0,2.0,2.0,1.0,2.0,2.0
송하예,0.0,6.0,4.0,20.0,18.0,11.0,9.0,16.0,20.0,22.0,20.0,5.0,6.0,14.0,13.0,4.0,10.0,9.0,19.0,33.0,14.0,23.0,16.0,23.0,16.0,100.0,25.0,10.0,12.0,11.0,14.0,86.0,18.0,14.0,16.0,8.0,9.0,6.0,2.0,10.0,7.0,4.0,10.0,10.0,7.0,10.0,5.0
폴킴,37.0,35.0,21.0,31.0,25.0,38.0,32.0,23.0,10.0,25.0,61.0,56.0,80.0,79.0,100.0,59.0,60.0,77.0,65.0,47.0,52.0,56.0,65.0,47.0,32.0,55.0,48.0,36.0,36.0,33.0,45.0,41.0,26.0,36.0,24.0,35.0,33.0,30.0,21.0,24.0,15.0,16.0,18.0,21.0,13.0,28.0,35.0
황인욱,6.0,6.0,16.0,26.0,16.0,22.0,10.0,24.0,28.0,14.0,13.0,22.0,16.0,15.0,17.0,28.0,6.0,12.0,12.0,6.0,12.0,9.0,30.0,18.0,18.0,100.0,21.0,14.0,14.0,6.0,18.0,24.0,11.0,9.0,0.0,5.0,5.0,0.0,5.0,10.0,5.0,5.0,5.0,7.0,7.0,4.0,4.0
스탠딩 에그,0.0,0.0,0.0,0.0,0.0,40.0,84.0,0.0,0.0,0.0,0.0,40.0,0.0,0.0,0.0,0.0,0.0,0.0,39.0,0.0,0.0,0.0,0.0,0.0,0.0,0.0,0.0,37.0,0.0,0.0,37.0,0.0,34.0,56.0,35.0,0.0,100.0,0.0,30.0,0.0,30.0,29.0,29.0,0.0,0.0,28.0,0.0
박혜나,0.0,0.0,0.0,22.0,0.0,0.0,22.0,0.0,0.0,0.0,0.0,0.0,22.0,21.0,22.0,0.0,0.0,0.0,0.0,41.0,0.0,0.0,0.0,0.0,20.0,40.0,100.0,79.0,19.0,0.0,40.0,0.0,18.0,20.0,19.0,0.0,18.0,0.0,16.0,0.0,0.0,0.0,0.0,0.0,0.0,0.0,0.0
Naomi Scott,100.0,85.0,96.0,97.0,59.0,44.0,81.0,32.0,42.0,36.0,55.0,53.0,24.0,28.0,35.0,14.0,19.0,5.0,9.0,9.0,9.0,9.0,18.0,5.0,9.0,9.0,0.0,9.0,8.0,9.0,0.0,4.0,4.0,4.0,0.0,8.0,4.0,11.0,7.0,0.0,7.0,0.0,3.0,3.0,3.0,3.0,7.0
박진영,15.0,14.0,10.0,9.0,16.0,10.0,7.0,8.0,7.0,13.0,12.0,5.0,9.0,9.0,18.0,7.0,8.0,7.0,11.0,9.0,8.0,8.0,13.0,17.0,18.0,34.0,100.0,29.0,28.0,25.0,25.0,20.0,14.0,17.0,14.0,13.0,14.0,16.0,16.0,18.0,19.0,13.0,15.0,10.0,11.0,7.0,12.0
Adam Levine,29.0,29.0,29.0,30.0,0.0,30.0,31.0,32.0,0.0,0.0,0.0,0.0,0.0,28.0,62.0,0.0,28.0,29.0,0.0,28.0,0.0,0.0,28.0,28.0,0.0,0.0,0.0,81.0,0.0,82.0,0.0,0.0,25.0,0.0,52.0,100.0,0.0,23.0,0.0,44.0,22.0,0.0,0.0,43.0,0.0,0.0,0.0
Zedd,47.0,47.0,0.0,49.0,36.0,73.0,100.0,52.0,39.0,52.0,100.0,48.0,36.0,46.0,50.0,23.0,69.0,70.0,46.0,69.0,35.0,35.0,45.0,56.0,0.0,67.0,0.0,65.0,0.0,33.0,22.0,41.0,41.0,44.0,21.0,0.0,20.0,0.0,53.0,18.0,35.0,43.0,0.0,69.0,33.0,59.0,32.0
임한별,29.0,58.0,29.0,30.0,30.0,30.0,31.0,0.0,32.0,32.0,0.0,0.0,0.0,28.0,31.0,0.0,28.0,28.0,43.0,56.0,42.0,0.0,56.0,28.0,56.0,81.0,27.0,53.0,64.0,27.0,0.0,25.0,100.0,27.0,51.0,0.0,49.0,46.0,22.0,22.0,43.0,64.0,42.0,32.0,21.0,0.0,0.0
크레파스,14.0,42.0,71.0,57.0,29.0,100.0,0.0,31.0,15.0,30.0,58.0,43.0,43.0,41.0,60.0,0.0,41.0,83.0,83.0,95.0,55.0,69.0,95.0,27.0,40.0,53.0,40.0,13.0,25.0,13.0,26.0,72.0,61.0,91.0,37.0,48.0,24.0,34.0,64.0,84.0,52.0,52.0,61.0,21.0,30.0,30.0,38.0
그루비룸,0.0,0.0,0.0,32.0,32.0,32.0,100.0,0.0,35.0,34.0,33.0,95.0,0.0,0.0,67.0,0.0,61.0,0.0,31.0,30.0,0.0,92.0,0.0,60.0,89.0,0.0,0.0,0.0,84.0,0.0,29.0,27.0,27.0,0.0,56.0,0.0,26.0,25.0,24.0,0.0,0.0,0.0,0.0,0.0,0.0,0.0,64.0
이소라,60.0,44.0,38.0,38.0,54.0,76.0,16.0,33.0,41.0,8.0,31.0,15.0,23.0,51.0,63.0,51.0,36.0,22.0,44.0,72.0,36.0,44.0,36.0,100.0,99.0,56.0,56.0,42.0,99.0,98.0,42.0,6.0,52.0,35.0,27.0,19.0,31.0,24.0,40.0,67.0,33.0,55.0,27.0,49.0,11.0,48.0,36.0
레드벨벳,28.0,32.0,73.0,59.0,42.0,36.0,28.0,32.0,29.0,42.0,48.0,60.0,53.0,45.0,34.0,28.0,28.0,26.0,23.0,24.0,26.0,27.0,32.0,25.0,20.0,31.0,22.0,27.0,32.0,100.0,52.0,51.0,47.0,46.0,52.0,37.0,35.0,39.0,35.0,33.0,38.0,26.0,38.0,37.0,36.0,32.0,27.0
Justin Bieber,31.0,66.0,31.0,63.0,60.0,43.0,66.0,77.0,52.0,29.0,49.0,20.0,48.0,38.0,33.0,27.0,26.0,53.0,30.0,60.0,53.0,42.0,45.0,44.0,30.0,33.0,47.0,79.0,21.0,55.0,54.0,100.0,57.0,54.0,79.0,97.0,78.0,100.0,76.0,50.0,61.0,23.0,40.0,42.0,22.0,47.0,21.0
그리즐리,0.0,21.0,0.0,0.0,0.0,0.0,44.0,69.0,23.0,0.0,22.0,21.0,21.0,20.0,0.0,20.0,61.0,21.0,82.0,40.0,0.0,20.0,61.0,100.0,40.0,20.0,0.0,0.0,56.0,20.0,20.0,18.0,36.0,39.0,37.0,0.0,35.0,17.0,16.0,16.0,62.0,31.0,76.0,61.0,45.0,0.0,14.0
개코,41.0,27.0,28.0,35.0,98.0,77.0,29.0,45.0,76.0,29.0,64.0,35.0,35.0,27.0,44.0,27.0,40.0,33.0,27.0,40.0,33.0,54.0,20.0,46.0,26.0,58.0,51.0,57.0,61.0,26.0,32.0,53.0,29.0,32.0,42.0,100.0,52.0,33.0,21.0,26.0,36.0,35.0,35.0,70.0,44.0,44.0,42.0
케이시,45.0,27.0,68.0,18.0,41.0,36.0,19.0,34.0,45.0,29.0,51.0,32.0,32.0,65.0,57.0,57.0,57.0,61.0,70.0,100.0,30.0,40.0,34.0,26.0,30.0,25.0,38.0,16.0,20.0,42.0,17.0,35.0,54.0,46.0,28.0,27.0,15.0,18.0,24.0,34.0,30.0,23.0,13.0,39.0,35.0,32.0,40.0
NCT DREAM,21.0,27.0,0.0,11.0,22.0,22.0,39.0,100.0,95.0,52.0,44.0,55.0,87.0,21.0,34.0,16.0,26.0,21.0,52.0,26.0,41.0,37.0,31.0,25.0,10.0,20.0,30.0,30.0,19.0,40.0,25.0,18.0,14.0,30.0,33.0,32.0,13.0,17.0,12.0,16.0,20.0,31.0,19.0,23.0,11.0,30.0,40.0
에피톤 프로젝트,76.0,100.0,51.0,0.0,52.0,51.0,0.0,0.0,56.0,0.0,0.0,0.0,51.0,0.0,0.0,0.0,49.0,99.0,50.0,0.0,49.0,74.0,49.0,48.0,0.0,0.0,47.0,70.0,0.0,0.0,94.0,43.0,0.0,47.0,45.0,44.0,0.0,0.0,76.0,38.0,37.0,74.0,55.0,74.0,36.0,0.0,0.0
Charlie Puth,23.0,69.0,58.0,35.0,70.0,47.0,60.0,50.0,76.0,49.0,60.0,93.0,82.0,100.0,61.0,67.0,45.0,34.0,79.0,44.0,100.0,56.0,44.0,22.0,33.0,32.0,75.0,42.0,61.0,54.0,32.0,59.0,49.0,74.0,51.0,69.0,58.0,28.0,69.0,52.0,43.0,34.0,17.0,42.0,33.0,33.0,62.0
Imagine Dragons,100.0,62.0,39.0,79.0,39.0,47.0,57.0,59.0,86.0,75.0,48.0,55.0,39.0,52.0,16.0,30.0,15.0,23.0,45.0,60.0,75.0,75.0,44.0,29.0,22.0,22.0,29.0,42.0,41.0,14.0,14.0,40.0,40.0,14.0,48.0,46.0,26.0,37.0,12.0,23.0,29.0,28.0,34.0,17.0,44.0,27.0,16.0
플라이 투 더 스카이,0.0,0.0,0.0,0.0,0.0,0.0,0.0,0.0,0.0,0.0,0.0,0.0,0.0,0.0,0.0,0.0,0.0,0.0,0.0,0.0,0.0,100.0,0.0,0.0,0.0,0.0,0.0,0.0,0.0,0.0,0.0,0.0,0.0,0.0,0.0,0.0,0.0,0.0,0.0,0.0,0.0,75.0,0.0,0.0,73.0,0.0,0.0
윤비,0.0,4.0,4.0,4.0,4.0,6.0,6.0,4.0,6.0,12.0,0.0,6.0,32.0,68.0,100.0,29.0,7.0,4.0,7.0,4.0,4.0,11.0,5.0,0.0,5.0,0.0,3.0,3.0,3.0,3.0,7.0,3.0,3.0,10.0,3.0,3.0,6.0,3.0,0.0,0.0,3.0,5.0,3.0,3.0,9.0,3.0,5.0
정승환,44.0,44.0,10.0,54.0,40.0,64.0,36.0,21.0,43.0,63.0,56.0,39.0,49.0,47.0,51.0,28.0,33.0,57.0,67.0,38.0,33.0,52.0,33.0,28.0,37.0,18.0,100.0,67.0,86.0,36.0,49.0,37.0,42.0,36.0,60.0,25.0,37.0,27.0,15.0,40.0,25.0,32.0,35.0,50.0,31.0,24.0,27.0
제니,44.0,45.0,51.0,82.0,100.0,76.0,51.0,61.0,65.0,67.0,54.0,25.0,32.0,27.0,41.0,36.0,36.0,43.0,28.0,24.0,32.0,40.0,35.0,28.0,28.0,25.0,27.0,30.0,30.0,31.0,37.0,50.0,38.0,32.0,34.0,25.0,39.0,41.0,67.0,71.0,56.0,48.0,45.0,34.0,35.0,36.0,32.0
린,3.0,2.0,3.0,3.0,3.0,3.0,3.0,3.0,3.0,3.0,3.0,4.0,3.0,3.0,100.0,13.0,6.0,5.0,4.0,5.0,4.0,3.0,4.0,3.0,4.0,13.0,5.0,4.0,4.0,4.0,5.0,4.0,3.0,4.0,4.0,5.0,4.0,3.0,4.0,4.0,4.0,4.0,3.0,3.0,3.0,3.0,3.0
선미,28.0,26.0,42.0,39.0,24.0,29.0,23.0,24.0,27.0,22.0,22.0,30.0,62.0,59.0,48.0,26.0,31.0,25.0,29.0,26.0,31.0,23.0,20.0,25.0,20.0,16.0,21.0,14.0,100.0,53.0,19.0,22.0,22.0,23.0,20.0,22.0,28.0,27.0,16.0,24.0,17.0,24.0,23.0,22.0,28.0,21.0,16.0
Lauv,20.0,21.0,36.0,37.0,21.0,42.0,16.0,45.0,11.0,50.0,11.0,31.0,31.0,40.0,33.0,20.0,30.0,30.0,30.0,65.0,60.0,20.0,30.0,39.0,29.0,34.0,34.0,38.0,18.0,14.0,38.0,40.0,49.0,24.0,36.0,53.0,47.0,45.0,35.0,81.0,100.0,38.0,41.0,64.0,66.0,33.0,67.0
신예영,0.0,0.0,0.0,0.0,0.0,0.0,0.0,0.0,0.0,0.0,0.0,0.0,0.0,0.0,0.0,0.0,0.0,0.0,0.0,0.0,0.0,0.0,0.0,0.0,74.0,0.0,73.0,0.0,68.0,0.0,72.0,66.0,0.0,72.0,0.0,100.0,65.0,62.0,0.0,58.0,0.0,57.0,56.0,0.0,55.0,55.0,53.0
윤미래,77.0,60.0,35.0,44.0,53.0,17.0,54.0,38.0,66.0,37.0,80.0,35.0,79.0,41.0,18.0,42.0,58.0,33.0,17.0,58.0,17.0,50.0,66.0,49.0,49.0,32.0,64.0,24.0,30.0,96.0,79.0,37.0,29.0,72.0,45.0,88.0,65.0,96.0,58.0,45.0,58.0,44.0,56.0,100.0,55.0,31.0,70.0
Khalid,10.0,0.0,32.0,11.0,54.0,43.0,0.0,12.0,23.0,22.0,22.0,74.0,54.0,41.0,100.0,20.0,20.0,41.0,51.0,20.0,41.0,20.0,0.0,60.0,20.0,10.0,0.0,0.0,0.0,10.0,20.0,45.0,9.0,0.0,9.0,36.0,26.0,25.0,8.0,31.0,16.0,23.0,46.0,23.0,0.0,15.0,7.0
휘인,16.0,32.0,16.0,22.0,38.0,43.0,51.0,18.0,47.0,40.0,33.0,22.0,55.0,78.0,91.0,47.0,26.0,73.0,52.0,52.0,88.0,100.0,41.0,87.0,76.0,75.0,50.0,69.0,43.0,60.0,84.0,28.0,51.0,65.0,38.0,23.0,36.0,26.0,24.0,72.0,40.0,27.0,27.0,55.0,38.0,69.0,37.0
유노윤호,69.0,100.0,70.0,43.0,60.0,22.0,39.0,23.0,29.0,23.0,33.0,11.0,27.0,15.0,28.0,21.0,10.0,21.0,47.0,5.0,15.0,21.0,20.0,15.0,30.0,10.0,10.0,15.0,56.0,10.0,15.0,36.0,23.0,15.0,24.0,18.0,31.0,21.0,12.0,16.0,39.0,43.0,50.0,27.0,53.0,30.0,51.0
가비엔제이,27.0,28.0,28.0,0.0,42.0,28.0,0.0,30.0,0.0,59.0,57.0,28.0,28.0,27.0,0.0,27.0,27.0,27.0,40.0,27.0,0.0,27.0,26.0,39.0,0.0,38.0,26.0,25.0,24.0,0.0,0.0,35.0,24.0,25.0,24.0,23.0,23.0,44.0,41.0,41.0,41.0,40.0,100.0,40.0,20.0,19.0,37.0
Mike Perry,0.0,0.0,0.0,0.0,0.0,0.0,100.0,0.0,53.0,51.0,50.0,0.0,0.0,46.0,0.0,47.0,0.0,0.0,0.0,0.0,0.0,0.0,0.0,0.0,45.0,44.0,45.0,0.0,0.0,0.0,0.0,41.0,0.0,44.0,0.0,0.0,0.0,38.0,0.0,36.0,0.0,0.0,0.0,34.0,0.0,0.0,32.0
YUNHWAY,48.0,0.0,0.0,0.0,0.0,0.0,0.0,0.0,0.0,0.0,49.0,0.0,0.0,0.0,100.0,47.0,0.0,0.0,0.0,0.0,46.0,0.0,45.0,0.0,0.0,0.0,0.0,0.0,0.0,0.0,0.0,0.0,0.0,0.0,0.0,41.0,0.0,0.0,0.0,0.0,0.0,0.0,0.0,0.0,0.0,0.0,0.0
헨리,44.0,27.0,39.0,38.0,40.0,32.0,21.0,73.0,92.0,57.0,58.0,37.0,34.0,45.0,100.0,41.0,22.0,31.0,60.0,71.0,58.0,88.0,100.0,67.0,45.0,29.0,47.0,50.0,47.0,66.0,50.0,92.0,80.0,55.0,26.0,35.0,42.0,35.0,52.0,19.0,38.0,32.0,17.0,32.0,50.0,30.0,33.0
V.O.S,0.0,0.0,0.0,0.0,0.0,0.0,0.0,59.0,0.0,0.0,0.0,0.0,0.0,0.0,0.0,0.0,0.0,0.0,0.0,0.0,0.0,0.0,0.0,0.0,0.0,100.0,0.0,0.0,0.0,0.0,0.0,0.0,0.0,0.0,0.0,0.0,0.0,0.0,0.0,0.0,0.0,0.0,0.0,0.0,0.0,0.0,0.0
반하나,0.0,66.0,33.0,34.0,34.0,0.0,70.0,73.0,37.0,71.0,52.0,100.0,67.0,64.0,70.0,0.0,64.0,48.0,98.0,0.0,0.0,32.0,64.0,0.0,32.0,31.0,78.0,61.0,59.0,63.0,0.0,28.0,43.0,0.0,29.0,43.0,55.0,53.0,50.0,50.0,50.0,24.0,60.0,0.0,48.0,59.0,91.0
GOT7,84.0,73.0,64.0,86.0,43.0,64.0,34.0,35.0,12.0,23.0,11.0,64.0,65.0,31.0,67.0,51.0,10.0,31.0,41.0,31.0,62.0,31.0,91.0,20.0,100.0,30.0,70.0,49.0,56.0,39.0,49.0,36.0,55.0,29.0,19.0,54.0,9.0,25.0,16.0,32.0,24.0,39.0,23.0,23.0,22.0,45.0,50.0
Anne-Marie,48.0,48.0,73.0,99.0,100.0,0.0,0.0,0.0,81.0,0.0,50.0,74.0,50.0,47.0,0.0,97.0,47.0,0.0,0.0,0.0,0.0,47.0,0.0,46.0,0.0,45.0,0.0,0.0,0.0,0.0,0.0,0.0,63.0,45.0,43.0,0.0,0.0,79.0,0.0,36.0,73.0,36.0,88.0,0.0,0.0,35.0,0.0
TWICE,55.0,89.0,66.0,63.0,67.0,78.0,74.0,64.0,79.0,100.0,75.0,66.0,68.0,44.0,71.0,56.0,71.0,62.0,56.0,77.0,71.0,78.0,59.0,62.0,79.0,49.0,69.0,60.0,40.0,79.0,92.0,49.0,46.0,45.0,57.0,52.0,36.0,52.0,49.0,41.0,60.0,31.0,32.0,31.0,20.0,49.0,43.0
EXO,39.0,49.0,63.0,45.0,47.0,41.0,60.0,80.0,56.0,29.0,46.0,24.0,33.0,29.0,30.0,26.0,25.0,33.0,38.0,33.0,20.0,43.0,47.0,35.0,38.0,46.0,60.0,45.0,45.0,46.0,73.0,33.0,100.0,37.0,40.0,23.0,28.0,19.0,11.0,16.0,21.0,17.0,17.0,22.0,30.0,18.0,24.0
Charli XCX,77.0,26.0,26.0,26.0,0.0,52.0,0.0,57.0,28.0,0.0,54.0,52.0,0.0,0.0,27.0,100.0,25.0,0.0,0.0,25.0,0.0,25.0,50.0,0.0,73.0,0.0,24.0,0.0,23.0,0.0,0.0,0.0,22.0,0.0,0.0,0.0,22.0,0.0,19.0,0.0,38.0,0.0,19.0,0.0,18.0,19.0,0.0
Adele,37.0,37.0,38.0,38.0,19.0,32.0,73.0,41.0,42.0,20.0,52.0,63.0,13.0,61.0,27.0,43.0,91.0,49.0,31.0,36.0,30.0,37.0,24.0,66.0,48.0,41.0,71.0,40.0,56.0,29.0,52.0,54.0,65.0,52.0,77.0,32.0,100.0,50.0,38.0,80.0,80.0,27.0,50.0,41.0,40.0,54.0,64.0
세븐틴,61.0,45.0,58.0,38.0,51.0,53.0,49.0,49.0,49.0,91.0,100.0,59.0,54.0,61.0,74.0,94.0,64.0,66.0,54.0,42.0,52.0,49.0,49.0,48.0,44.0,45.0,48.0,60.0,36.0,51.0,54.0,55.0,51.0,64.0,58.0,76.0,60.0,78.0,66.0,67.0,73.0,54.0,69.0,60.0,62.0,57.0,50.0
이하이,100.0,57.0,52.0,34.0,34.0,25.0,16.0,10.0,13.0,16.0,32.0,6.0,15.0,26.0,32.0,6.0,21.0,33.0,6.0,12.0,18.0,15.0,12.0,17.0,11.0,17.0,14.0,6.0,16.0,11.0,39.0,10.0,5.0,14.0,5.0,13.0,15.0,12.0,11.0,18.0,11.0,11.0,7.0,27.0,24.0,13.0,8.0
임재현,53.0,42.0,36.0,61.0,43.0,36.0,69.0,33.0,46.0,13.0,12.0,12.0,36.0,40.0,19.0,23.0,81.0,99.0,41.0,23.0,81.0,35.0,51.0,57.0,23.0,100.0,78.0,60.0,32.0,39.0,28.0,97.0,61.0,28.0,31.0,20.0,15.0,10.0,13.0,18.0,0.0,65.0,22.0,30.0,8.0,25.0,8.0
펀치넬로,6.0,0.0,0.0,7.0,0.0,0.0,0.0,0.0,21.0,14.0,47.0,39.0,7.0,44.0,27.0,25.0,100.0,38.0,6.0,12.0,6.0,13.0,25.0,18.0,0.0,0.0,0.0,0.0,0.0,0.0,0.0,5.0,0.0,6.0,17.0,5.0,5.0,5.0,0.0,10.0,0.0,0.0,0.0,5.0,0.0,0.0,0.0
JINU,0.0,32.0,0.0,32.0,0.0,0.0,33.0,34.0,0.0,0.0,33.0,32.0,0.0,0.0,100.0,0.0,0.0,0.0,0.0,30.0,0.0,0.0,30.0,30.0,0.0,0.0,0.0,29.0,0.0,0.0,0.0,27.0,27.0,0.0,0.0,0.0,0.0,0.0,0.0,0.0,0.0,23.0,0.0,0.0,0.0,0.0,0.0
에픽하이,32.0,32.0,43.0,33.0,0.0,87.0,23.0,35.0,47.0,34.0,100.0,43.0,22.0,21.0,0.0,31.0,73.0,21.0,10.0,31.0,42.0,42.0,51.0,10.0,10.0,40.0,61.0,0.0,28.0,30.0,20.0,9.0,9.0,30.0,47.0,37.0,27.0,0.0,48.0,8.0,16.0,47.0,23.0,23.0,23.0,46.0,44.0
Alessia Cara,33.0,0.0,33.0,0.0,0.0,67.0,0.0,0.0,0.0,0.0,34.0,100.0,34.0,0.0,0.0,0.0,0.0,0.0,0.0,0.0,0.0,0.0,0.0,31.0,0.0,0.0,31.0,31.0,58.0,0.0,0.0,28.0,28.0,0.0,29.0,0.0,0.0,26.0,0.0,49.0,0.0,24.0,0.0,24.0,23.0,0.0,22.0
악동뮤지션,29.0,100.0,33.0,28.0,12.0,10.0,19.0,27.0,29.0,25.0,15.0,13.0,27.0,36.0,35.0,24.0,78.0,71.0,61.0,40.0,29.0,29.0,24.0,20.0,31.0,23.0,23.0,32.0,26.0,15.0,18.0,21.0,16.0,14.0,28.0,18.0,15.0,17.0,15.0,7.0,15.0,4.0,23.0,8.0,18.0,16.0,18.0
박재정,31.0,31.0,31.0,32.0,48.0,96.0,0.0,34.0,69.0,100.0,65.0,79.0,48.0,30.0,33.0,30.0,45.0,76.0,46.0,61.0,91.0,0.0,30.0,45.0,30.0,44.0,73.0,29.0,41.0,29.0,58.0,54.0,54.0,43.0,55.0,27.0,26.0,25.0,35.0,23.0,46.0,23.0,23.0,68.0,22.0,33.0,21.0
ZENE THE ZILLA,0.0,0.0,0.0,0.0,0.0,0.0,0.0,0.0,0.0,0.0,0.0,0.0,0.0,0.0,0.0,0.0,0.0,0.0,0.0,0.0,0.0,0.0,0.0,0.0,0.0,0.0,0.0,0.0,0.0,0.0,0.0,0.0,0.0,0.0,0.0,0.0,0.0,0.0,0.0,0.0,0.0,0.0,0.0,0.0,100.0,0.0,0.0
도넛맨,32.0,32.0,0.0,48.0,0.0,32.0,33.0,35.0,0.0,51.0,50.0,0.0,96.0,46.0,100.0,0.0,31.0,0.0,0.0,0.0,61.0,0.0,30.0,0.0,30.0,30.0,0.0,0.0,28.0,30.0,0.0,0.0,54.0,0.0,28.0,0.0,0.0,0.0,24.0,24.0,24.0,0.0,35.0,23.0,0.0,23.0,21.0
Maroon 5,49.0,41.0,25.0,34.0,17.0,25.0,53.0,64.0,37.0,18.0,26.0,34.0,25.0,32.0,26.0,41.0,73.0,40.0,57.0,81.0,16.0,41.0,96.0,39.0,24.0,46.0,47.0,76.0,74.0,39.0,46.0,21.0,100.0,31.0,37.0,36.0,21.0,47.0,44.0,31.0,75.0,49.0,30.0,24.0,53.0,36.0,17.0
Bryn,0.0,0.0,48.0,0.0,0.0,48.0,50.0,0.0,0.0,51.0,0.0,48.0,0.0,46.0,100.0,47.0,46.0,46.0,46.0,46.0,91.0,69.0,0.0,0.0,0.0,44.0,0.0,0.0,0.0,44.0,44.0,0.0,0.0,0.0,41.0,0.0,40.0,0.0,35.0,0.0,70.0,34.0,69.0,34.0,33.0,0.0,0.0
윤민수,11.0,11.0,51.0,0.0,45.0,34.0,35.0,24.0,25.0,42.0,41.0,28.0,45.0,59.0,35.0,38.0,48.0,22.0,16.0,16.0,27.0,16.0,16.0,42.0,26.0,88.0,42.0,20.0,20.0,31.0,62.0,100.0,38.0,15.0,10.0,19.0,19.0,27.0,8.0,21.0,17.0,20.0,16.0,16.0,8.0,20.0,11.0
Billie Eilish,54.0,67.0,52.0,100.0,49.0,71.0,57.0,41.0,46.0,41.0,44.0,32.0,38.0,25.0,38.0,36.0,26.0,33.0,26.0,28.0,33.0,46.0,23.0,28.0,32.0,17.0,36.0,47.0,42.0,37.0,36.0,37.0,16.0,53.0,90.0,54.0,58.0,35.0,33.0,30.0,50.0,23.0,31.0,29.0,30.0,29.0,25.0
유산슬,0.0,8.0,2.0,2.0,0.0,6.0,0.0,9.0,4.0,2.0,2.0,4.0,2.0,2.0,0.0,6.0,6.0,8.0,6.0,4.0,8.0,8.0,15.0,13.0,77.0,68.0,54.0,62.0,49.0,79.0,100.0,39.0,44.0,48.0,28.0,51.0,38.0,24.0,15.0,16.0,22.0,20.0,14.0,30.0,21.0,13.0,20.0
노을,43.0,61.0,33.0,58.0,42.0,51.0,76.0,50.0,70.0,54.0,86.0,77.0,69.0,72.0,65.0,81.0,72.0,100.0,71.0,72.0,87.0,58.0,67.0,83.0,83.0,93.0,76.0,78.0,62.0,59.0,52.0,69.0,65.0,63.0,52.0,51.0,57.0,44.0,62.0,59.0,59.0,51.0,49.0,51.0,56.0,45.0,73.0
임현식,35.0,52.0,0.0,18.0,35.0,17.0,18.0,38.0,0.0,28.0,18.0,26.0,17.0,33.0,36.0,76.0,59.0,76.0,67.0,92.0,100.0,59.0,17.0,90.0,65.0,56.0,49.0,71.0,15.0,57.0,16.0,29.0,30.0,40.0,30.0,15.0,14.0,14.0,32.0,32.0,45.0,37.0,19.0,13.0,12.0,24.0,24.0
Arizona Zervas,0.0,0.0,0.0,0.0,0.0,0.0,0.0,0.0,0.0,0.0,0.0,0.0,0.0,0.0,0.0,0.0,0.0,0.0,0.0,0.0,0.0,0.0,0.0,0.0,0.0,60.0,82.0,60.0,0.0,61.0,100.0,74.0,75.0,40.0,96.0,56.0,0.0,69.0,98.0,32.0,33.0,47.0,47.0,32.0,61.0,31.0,30.0
Sam Smith,60.0,60.0,20.0,41.0,21.0,31.0,96.0,100.0,45.0,44.0,32.0,41.0,62.0,49.0,64.0,40.0,59.0,69.0,60.0,39.0,29.0,60.0,39.0,48.0,38.0,19.0,76.0,19.0,36.0,38.0,66.0,35.0,87.0,47.0,0.0,26.0,42.0,57.0,68.0,23.0,68.0,67.0,37.0,59.0,22.0,58.0,55.0
이우,70.0,59.0,54.0,66.0,28.0,44.0,40.0,89.0,36.0,52.0,50.0,71.0,82.0,78.0,63.0,100.0,42.0,53.0,68.0,84.0,42.0,79.0,72.0,51.0,41.0,40.0,66.0,64.0,33.0,66.0,75.0,37.0,46.0,35.0,66.0,51.0,50.0,43.0,40.0,36.0,52.0,43.0,55.0,47.0,88.0,31.0,59.0
Kiana Lede,100.0,50.0,0.0,0.0,0.0,0.0,0.0,0.0,55.0,0.0,0.0,0.0,0.0,49.0,0.0,49.0,49.0,0.0,0.0,48.0,49.0,49.0,48.0,0.0,0.0,0.0,47.0,47.0,0.0,0.0,47.0,0.0,0.0,47.0,44.0,0.0,0.0,0.0,38.0,0.0,37.0,0.0,0.0,37.0,0.0,36.0,34.0
짱유,0.0,0.0,6.0,0.0,0.0,0.0,0.0,7.0,20.0,65.0,57.0,31.0,19.0,53.0,84.0,100.0,30.0,18.0,0.0,0.0,0.0,24.0,0.0,0.0,6.0,11.0,6.0,0.0,0.0,11.0,0.0,5.0,0.0,6.0,5.0,5.0,0.0,0.0,0.0,0.0,0.0,4.0,4.0,4.0,9.0,17.0,4.0
문성욱,0.0,0.0,51.0,0.0,0.0,0.0,0.0,0.0,0.0,55.0,53.0,0.0,52.0,0.0,0.0,0.0,0.0,0.0,100.0,0.0,0.0,50.0,0.0,0.0,48.0,0.0,0.0,0.0,0.0,48.0,0.0,0.0,0.0,47.0,0.0,0.0,0.0,0.0,0.0,0.0,57.0,75.0,74.0,37.0,0.0,37.0,0.0
FTISLAND,48.0,0.0,0.0,98.0,49.0,0.0,0.0,53.0,0.0,52.0,100.0,0.0,0.0,47.0,51.0,47.0,0.0,47.0,47.0,0.0,0.0,0.0,0.0,46.0,0.0,0.0,0.0,0.0,43.0,0.0,45.0,41.0,0.0,45.0,42.0,41.0,0.0,0.0,36.0,0.0,72.0,35.0,0.0,0.0,0.0,0.0,0.0
김민석,25.0,25.0,57.0,39.0,32.0,7.0,22.0,35.0,39.0,49.0,47.0,28.0,21.0,27.0,56.0,34.0,48.0,24.0,28.0,24.0,14.0,20.0,40.0,23.0,13.0,78.0,16.0,16.0,65.0,49.0,32.0,30.0,33.0,29.0,40.0,30.0,35.0,34.0,58.0,26.0,32.0,30.0,20.0,36.0,60.0,100.0,41.0
지구인,0.0,0.0,100.0,67.0,68.0,67.0,35.0,36.0,0.0,35.0,0.0,33.0,0.0,0.0,0.0,32.0,64.0,33.0,0.0,32.0,64.0,0.0,0.0,32.0,31.0,62.0,62.0,0.0,0.0,0.0,62.0,28.0,0.0,31.0,0.0,0.0,56.0,53.0,50.0,25.0,0.0,0.0,24.0,24.0,47.0,24.0,45.0
존박,59.0,47.0,36.0,36.0,85.0,24.0,25.0,52.0,52.0,64.0,37.0,48.0,36.0,46.0,25.0,92.0,34.0,69.0,58.0,69.0,57.0,94.0,45.0,34.0,67.0,55.0,100.0,76.0,21.0,90.0,0.0,20.0,41.0,33.0,94.0,81.0,40.0,47.0,18.0,80.0,62.0,52.0,43.0,43.0,42.0,42.0,32.0
김호진,27.0,0.0,28.0,0.0,56.0,56.0,29.0,60.0,0.0,29.0,100.0,56.0,28.0,26.0,29.0,40.0,53.0,0.0,27.0,0.0,27.0,27.0,39.0,39.0,26.0,26.0,0.0,0.0,24.0,51.0,0.0,23.0,47.0,0.0,24.0,0.0,46.0,22.0,21.0,0.0,21.0,60.0,0.0,20.0,0.0,19.0,19.0
육성재,26.0,20.0,27.0,15.0,24.0,24.0,24.0,32.0,32.0,28.0,36.0,30.0,24.0,17.0,22.0,37.0,23.0,28.0,26.0,6.0,34.0,17.0,17.0,19.0,11.0,14.0,14.0,19.0,18.0,27.0,51.0,22.0,63.0,22.0,44.0,40.0,37.0,23.0,35.0,59.0,100.0,64.0,32.0,23.0,39.0,17.0,26.0
엠씨더맥스,47.0,28.0,48.0,29.0,24.0,34.0,50.0,57.0,31.0,15.0,30.0,48.0,34.0,37.0,15.0,19.0,14.0,19.0,23.0,14.0,37.0,23.0,32.0,18.0,49.0,27.0,40.0,22.0,29.0,36.0,26.0,24.0,41.0,40.0,38.0,20.0,44.0,27.0,11.0,32.0,32.0,17.0,100.0,69.0,51.0,51.0,32.0
하은,100.0,76.0,82.0,58.0,83.0,49.0,86.0,74.0,26.0,31.0,45.0,97.0,59.0,56.0,46.0,42.0,37.0,71.0,56.0,32.0,51.0,42.0,28.0,46.0,32.0,89.0,45.0,44.0,34.0,31.0,63.0,20.0,49.0,44.0,47.0,53.0,48.0,34.0,29.0,50.0,36.0,32.0,24.0,28.0,61.0,21.0,36.0
Woodie Gochild,0.0,0.0,0.0,0.0,0.0,100.0,0.0,0.0,0.0,0.0,0.0,0.0,0.0,0.0,0.0,0.0,0.0,0.0,0.0,0.0,96.0,0.0,0.0,0.0,0.0,0.0,0.0,0.0,0.0,0.0,0.0,0.0,0.0,0.0,0.0,0.0,0.0,0.0,0.0,0.0,0.0,0.0,0.0,0.0,0.0,0.0,0.0
사이먼 도미닉,53.0,40.0,27.0,27.0,27.0,54.0,0.0,29.0,58.0,86.0,69.0,94.0,27.0,38.0,84.0,52.0,39.0,52.0,0.0,26.0,90.0,52.0,25.0,50.0,75.0,50.0,87.0,61.0,23.0,50.0,74.0,46.0,0.0,49.0,47.0,34.0,33.0,32.0,20.0,100.0,40.0,19.0,39.0,58.0,38.0,19.0,54.0
현아,21.0,17.0,14.0,17.0,26.0,16.0,9.0,18.0,13.0,13.0,10.0,7.0,9.0,10.0,11.0,100.0,32.0,17.0,12.0,9.0,9.0,13.0,34.0,42.0,15.0,18.0,13.0,8.0,9.0,8.0,14.0,11.0,11.0,8.0,9.0,8.0,10.0,11.0,15.0,9.0,9.0,8.0,9.0,9.0,9.0,7.0,7.0
박경,4.0,2.0,3.0,7.0,4.0,3.0,3.0,3.0,3.0,7.0,3.0,11.0,2.0,4.0,2.0,2.0,0.0,4.0,4.0,4.0,5.0,2.0,11.0,7.0,5.0,100.0,23.0,7.0,6.0,5.0,8.0,13.0,7.0,2.0,3.0,2.0,3.0,4.0,5.0,4.0,5.0,9.0,9.0,9.0,4.0,5.0,5.0
히키,82.0,82.0,83.0,36.0,48.0,36.0,49.0,51.0,52.0,38.0,25.0,48.0,24.0,23.0,99.0,46.0,23.0,69.0,80.0,23.0,45.0,80.0,22.0,22.0,100.0,33.0,77.0,97.0,31.0,66.0,66.0,30.0,30.0,33.0,21.0,40.0,39.0,28.0,79.0,35.0,61.0,0.0,26.0,60.0,50.0,67.0,32.0
딥플로우,15.0,30.0,0.0,16.0,0.0,0.0,0.0,34.0,34.0,0.0,0.0,15.0,0.0,15.0,16.0,30.0,15.0,15.0,15.0,0.0,15.0,30.0,29.0,15.0,14.0,29.0,14.0,14.0,41.0,100.0,43.0,39.0,13.0,14.0,27.0,0.0,0.0,12.0,0.0,23.0,23.0,0.0,0.0,11.0,11.0,33.0,10.0
크러쉬,81.0,89.0,64.0,35.0,61.0,52.0,59.0,66.0,56.0,73.0,66.0,95.0,100.0,45.0,68.0,99.0,75.0,88.0,54.0,53.0,87.0,62.0,41.0,53.0,44.0,64.0,72.0,79.0,41.0,52.0,64.0,55.0,59.0,43.0,38.0,62.0,61.0,51.0,45.0,80.0,51.0,75.0,68.0,37.0,30.0,43.0,58.0
EXO-CBX,0.0,0.0,0.0,100.0,0.0,0.0,0.0,0.0,0.0,0.0,0.0,0.0,0.0,0.0,0.0,0.0,0.0,0.0,0.0,0.0,0.0,0.0,0.0,0.0,0.0,0.0,0.0,0.0,0.0,0.0,0.0,0.0,0.0,0.0,0.0,0.0,0.0,0.0,0.0,0.0,0.0,0.0,0.0,0.0,0.0,0.0,0.0
Shawn Mendes,22.0,40.0,80.0,77.0,70.0,88.0,92.0,44.0,100.0,55.0,87.0,44.0,55.0,53.0,46.0,39.0,56.0,42.0,39.0,63.0,39.0,28.0,24.0,34.0,14.0,34.0,34.0,27.0,29.0,27.0,27.0,22.0,22.0,20.0,29.0,9.0,15.0,17.0,14.0,11.0,22.0,16.0,18.0,11.0,18.0,23.0,10.0
서동현,0.0,0.0,10.0,10.0,0.0,10.0,0.0,11.0,28.0,38.0,100.0,82.0,51.0,44.0,70.0,69.0,54.0,84.0,94.0,59.0,10.0,20.0,24.0,24.0,34.0,14.0,19.0,28.0,27.0,28.0,23.0,13.0,26.0,19.0,0.0,17.0,34.0,8.0,8.0,15.0,0.0,15.0,7.0,0.0,7.0,11.0,21.0
CHEEZE,33.0,33.0,33.0,0.0,34.0,100.0,0.0,0.0,37.0,72.0,68.0,0.0,34.0,64.0,0.0,0.0,0.0,0.0,0.0,48.0,32.0,32.0,32.0,0.0,0.0,0.0,31.0,0.0,29.0,0.0,0.0,28.0,28.0,31.0,29.0,28.0,28.0,27.0,0.0,25.0,0.0,48.0,0.0,48.0,47.0,24.0,23.0
여자친구,52.0,38.0,36.0,37.0,43.0,40.0,40.0,42.0,100.0,61.0,53.0,39.0,38.0,29.0,35.0,46.0,28.0,30.0,31.0,31.0,33.0,35.0,33.0,32.0,32.0,27.0,35.0,31.0,47.0,42.0,38.0,31.0,79.0,51.0,36.0,42.0,38.0,32.0,49.0,41.0,30.0,35.0,32.0,30.0,32.0,35.0,34.0
Mena Massoud,88.0,98.0,69.0,100.0,100.0,50.0,72.0,43.0,54.0,42.0,51.0,20.0,20.0,19.0,0.0,0.0,19.0,38.0,0.0,0.0,0.0,38.0,0.0,0.0,18.0,0.0,73.0,0.0,17.0,0.0,0.0,0.0,17.0,0.0,17.0,17.0,0.0,16.0,0.0,0.0,0.0,0.0,0.0,0.0,0.0,0.0,0.0
이영지,30.0,15.0,0.0,0.0,15.0,31.0,32.0,33.0,100.0,32.0,47.0,0.0,15.0,0.0,16.0,15.0,0.0,15.0,30.0,44.0,15.0,44.0,29.0,14.0,14.0,0.0,14.0,0.0,40.0,57.0,14.0,26.0,26.0,14.0,40.0,26.0,38.0,60.0,0.0,23.0,45.0,0.0,0.0,11.0,32.0,54.0,21.0
박재범,13.0,8.0,14.0,20.0,23.0,18.0,15.0,18.0,28.0,29.0,22.0,32.0,23.0,29.0,16.0,16.0,27.0,13.0,20.0,18.0,12.0,11.0,19.0,12.0,15.0,14.0,20.0,12.0,10.0,12.0,13.0,15.0,15.0,10.0,4.0,9.0,15.0,16.0,19.0,21.0,100.0,24.0,19.0,20.0,16.0,13.0,16.0
